2026-08-06 02:02:29 - Settings save start
POST keys: Array
(
    [0] => active_tab
    [1] => enable_bus_bookings
    [2] => enable_flight_bookings
    [3] => bookings_show_profit
    [4] => bookings_show_purchase_price
    [5] => bookings_allow_partial_payments
    [6] => bookings_enable_print
    [7] => bookings_enable_export
    [8] => bookings_enable_return_date
    [9] => bookings_enable_bus_type
    [10] => bookings_auto_posting
    [11] => bookings_posting_trigger
    [12] => bookings_workflow_enabled
    [13] => bookings_auto_numbering
    [14] => bus_booking_prefix
    [15] => flight_booking_prefix
    [16] => booking_start_number
    [17] => booking_number_digits
    [18] => bus_flight_service_terms
    [19] => __submitted_settings
    [20] => update_settings
)

Expected settings keys: Array
(
    [0] => site_name
    [1] => email
    [2] => phone
    [3] => address
    [4] => latitude
    [5] => longitude
    [6] => primary_color
    [7] => secondary_color
    [8] => header_color
    [9] => footer_color
    [10] => batch_repeat_days
    [11] => max_passports_per_batch
    [12] => ticker_speed
    [13] => ticker_bg_color
    [14] => sidebar_color
    [15] => menu_btn_color
    [16] => slider_interval
    [17] => query_bg_color
    [18] => query_btn_color
    [19] => query_title
    [20] => meta_description
    [21] => meta_keywords
    [22] => google_verification
    [23] => copyright_text
    [24] => default_profit_account_id
    [25] => developer_name
    [26] => developer_link
    [27] => edit_delete_time_limit
    [28] => disappear_after_read_seconds
    [29] => slider_autoplay
    [30] => slider_controls
    [31] => show_ticker
    [32] => show_office_name
    [33] => show_passport_query
    [34] => enable_work_visa
    [35] => enable_family_visit
    [36] => enable_bus_flight_bookings
    [37] => enable_passport_transactions
    [38] => enable_umrah
    [39] => enable_bus_bookings
    [40] => enable_flight_bookings
    [41] => bookings_show_profit
    [42] => bookings_show_purchase_price
    [43] => bookings_allow_partial_payments
    [44] => bookings_enable_print
    [45] => bookings_enable_export
    [46] => bookings_enable_return_date
    [47] => bookings_enable_bus_type
    [48] => bookings_auto_posting
    [49] => passports_auto_posting
    [50] => bookings_workflow_enabled
    [51] => bookings_auto_numbering
    [52] => auto_invoice_generation
    [53] => passport_allow_discount
    [54] => auto_delete_messages
    [55] => enable_notification_sound
    [56] => enable_message_sound
    [57] => enable_postal_services
    [58] => enable_hajj
    [59] => enable_crm
    [60] => show_service_terms
    [61] => show_general_terms
    [62] => primary_color_light
    [63] => secondary_color_light
    [64] => success_color_light
    [65] => danger_color_light
    [66] => warning_color_light
    [67] => info_color_light
    [68] => text_color_light
    [69] => bg_color_light
    [70] => card_bg_light
    [71] => border_color_light
    [72] => primary_color_dark
    [73] => secondary_color_dark
    [74] => success_color_dark
    [75] => danger_color_dark
    [76] => warning_color_dark
    [77] => info_color_dark
    [78] => text_color_dark
    [79] => bg_color_dark
    [80] => card_bg_dark
    [81] => border_color_dark
    [82] => sidebar_bg_light
    [83] => sidebar_text_light
    [84] => sidebar_icon_color_light
    [85] => sidebar_bg_dark
    [86] => sidebar_text_dark
    [87] => sidebar_icon_color_dark
    [88] => show_login_button
    [89] => show_visit_site_button
    [90] => show_theme_toggle_button
    [91] => show_quick_access_button
    [92] => show_search_button
    [93] => show_fullscreen_button
    [94] => show_notifications_button
    [95] => base_currency_id
    [96] => invoice_posting_trigger
    [97] => sales_invoice_prefix
    [98] => purchase_invoice_prefix
    [99] => invoice_number_digits
    [100] => srv_bus_sales_prefix
    [101] => srv_bus_purchase_prefix
    [102] => srv_bus_digits
    [103] => srv_flight_sales_prefix
    [104] => srv_flight_purchase_prefix
    [105] => srv_flight_digits
    [106] => srv_visa_sales_prefix
    [107] => srv_visa_purchase_prefix
    [108] => srv_visa_digits
    [109] => srv_umrah_sales_prefix
    [110] => srv_umrah_purchase_prefix
    [111] => srv_umrah_digits
    [112] => srv_family_sales_prefix
    [113] => srv_family_purchase_prefix
    [114] => srv_family_digits
    [115] => srv_passport_sales_prefix
    [116] => srv_passport_purchase_prefix
    [117] => srv_passport_digits
    [118] => revenue_bus_account_id
    [119] => cost_bus_account_id
    [120] => profit_bus_account_id
    [121] => revenue_flight_account_id
    [122] => cost_flight_account_id
    [123] => profit_flight_account_id
    [124] => revenue_work_visa_account_id
    [125] => cost_work_visa_account_id
    [126] => profit_work_visa_account_id
    [127] => revenue_umrah_account_id
    [128] => cost_umrah_account_id
    [129] => profit_umrah_account_id
    [130] => revenue_family_visit_account_id
    [131] => cost_family_visit_account_id
    [132] => profit_family_visit_account_id
    [133] => passports_revenue_account
    [134] => passports_cost_account
    [135] => passports_profit_account
    [136] => umrah_service_terms
    [137] => umrah_default_max_muatamers
    [138] => min_passport_validity_months
    [139] => visa_expiry_alert_days
    [140] => work_visa_service_terms
    [141] => family_visit_service_terms
    [142] => family_visit_default_validity_months
    [143] => family_visit_expiry_warning_days
    [144] => bus_flight_service_terms
    [145] => passport_service_terms
    [146] => exchange_gain_account_id
    [147] => exchange_loss_account_id
    [148] => customer_receivable_account_id
    [149] => supplier_payable_account_id
    [150] => default_cash_account_id
    [151] => default_bank_account_id
    [152] => default_cost_account_id
    [153] => fiscal_start_date
    [154] => fiscal_end_date
    [155] => enable_recycle_bin
    [156] => default_delivery_type
    [157] => default_sales_account_id
    [158] => default_purchase_account_id
    [159] => journal_prefix
    [160] => journal_digits
    [161] => srv_bus_journal_prefix
    [162] => srv_flight_journal_prefix
    [163] => srv_passport_journal_prefix
    [164] => srv_umrah_journal_prefix
    [165] => srv_family_journal_prefix
    [166] => srv_visa_journal_prefix
    [167] => enable_automatic_reconciliation
    [168] => require_cost_center
    [169] => allow_negative_balance
    [170] => enable_customer_limit_check
    [171] => enable_supplier_limit_check
    [172] => enable_debit_limit_check
    [173] => enable_tax_fields
    [174] => allow_cancel_without_reverse
    [175] => backup_local_enabled
    [176] => backup_local_path
    [177] => backup_schedule_time
    [178] => backup_notify_due
    [179] => timezone
    [180] => date_format
    [181] => time_format
    [182] => first_day_of_week
    [183] => auto_sync_time
    [184] => attendance_early_minutes
    [185] => attendance_late_minutes
    [186] => departure_early_minutes
    [187] => departure_late_minutes
    [188] => prevent_outside_attendance
    [189] => allow_multiple_sessions
    [190] => session_behavior
)

2026-08-06 02:02:29 - Settings save start
POST keys: Array
(
    [0] => active_tab
    [1] => enable_bus_bookings
    [2] => enable_flight_bookings
    [3] => bookings_show_profit
    [4] => bookings_show_purchase_price
    [5] => bookings_allow_partial_payments
    [6] => bookings_enable_print
    [7] => bookings_enable_export
    [8] => bookings_enable_return_date
    [9] => bookings_enable_bus_type
    [10] => bookings_auto_posting
    [11] => bookings_posting_trigger
    [12] => bookings_workflow_enabled
    [13] => bookings_auto_numbering
    [14] => bus_booking_prefix
    [15] => flight_booking_prefix
    [16] => booking_start_number
    [17] => booking_number_digits
    [18] => bus_flight_service_terms
    [19] => __submitted_settings
    [20] => update_settings
)

Expected settings keys: Array
(
    [0] => site_name
    [1] => email
    [2] => phone
    [3] => address
    [4] => latitude
    [5] => longitude
    [6] => primary_color
    [7] => secondary_color
    [8] => header_color
    [9] => footer_color
    [10] => batch_repeat_days
    [11] => max_passports_per_batch
    [12] => ticker_speed
    [13] => ticker_bg_color
    [14] => sidebar_color
    [15] => menu_btn_color
    [16] => slider_interval
    [17] => query_bg_color
    [18] => query_btn_color
    [19] => query_title
    [20] => meta_description
    [21] => meta_keywords
    [22] => google_verification
    [23] => copyright_text
    [24] => default_profit_account_id
    [25] => developer_name
    [26] => developer_link
    [27] => edit_delete_time_limit
    [28] => disappear_after_read_seconds
    [29] => slider_autoplay
    [30] => slider_controls
    [31] => show_ticker
    [32] => show_office_name
    [33] => show_passport_query
    [34] => enable_work_visa
    [35] => enable_family_visit
    [36] => enable_bus_flight_bookings
    [37] => enable_passport_transactions
    [38] => enable_umrah
    [39] => enable_bus_bookings
    [40] => enable_flight_bookings
    [41] => bookings_show_profit
    [42] => bookings_show_purchase_price
    [43] => bookings_allow_partial_payments
    [44] => bookings_enable_print
    [45] => bookings_enable_export
    [46] => bookings_enable_return_date
    [47] => bookings_enable_bus_type
    [48] => bookings_auto_posting
    [49] => passports_auto_posting
    [50] => bookings_workflow_enabled
    [51] => bookings_auto_numbering
    [52] => auto_invoice_generation
    [53] => passport_allow_discount
    [54] => auto_delete_messages
    [55] => enable_notification_sound
    [56] => enable_message_sound
    [57] => enable_postal_services
    [58] => enable_hajj
    [59] => enable_crm
    [60] => show_service_terms
    [61] => show_general_terms
    [62] => primary_color_light
    [63] => secondary_color_light
    [64] => success_color_light
    [65] => danger_color_light
    [66] => warning_color_light
    [67] => info_color_light
    [68] => text_color_light
    [69] => bg_color_light
    [70] => card_bg_light
    [71] => border_color_light
    [72] => primary_color_dark
    [73] => secondary_color_dark
    [74] => success_color_dark
    [75] => danger_color_dark
    [76] => warning_color_dark
    [77] => info_color_dark
    [78] => text_color_dark
    [79] => bg_color_dark
    [80] => card_bg_dark
    [81] => border_color_dark
    [82] => sidebar_bg_light
    [83] => sidebar_text_light
    [84] => sidebar_icon_color_light
    [85] => sidebar_bg_dark
    [86] => sidebar_text_dark
    [87] => sidebar_icon_color_dark
    [88] => show_login_button
    [89] => show_visit_site_button
    [90] => show_theme_toggle_button
    [91] => show_quick_access_button
    [92] => show_search_button
    [93] => show_fullscreen_button
    [94] => show_notifications_button
    [95] => base_currency_id
    [96] => invoice_posting_trigger
    [97] => sales_invoice_prefix
    [98] => purchase_invoice_prefix
    [99] => invoice_number_digits
    [100] => srv_bus_sales_prefix
    [101] => srv_bus_purchase_prefix
    [102] => srv_bus_digits
    [103] => srv_flight_sales_prefix
    [104] => srv_flight_purchase_prefix
    [105] => srv_flight_digits
    [106] => srv_visa_sales_prefix
    [107] => srv_visa_purchase_prefix
    [108] => srv_visa_digits
    [109] => srv_umrah_sales_prefix
    [110] => srv_umrah_purchase_prefix
    [111] => srv_umrah_digits
    [112] => srv_family_sales_prefix
    [113] => srv_family_purchase_prefix
    [114] => srv_family_digits
    [115] => srv_passport_sales_prefix
    [116] => srv_passport_purchase_prefix
    [117] => srv_passport_digits
    [118] => revenue_bus_account_id
    [119] => cost_bus_account_id
    [120] => profit_bus_account_id
    [121] => revenue_flight_account_id
    [122] => cost_flight_account_id
    [123] => profit_flight_account_id
    [124] => revenue_work_visa_account_id
    [125] => cost_work_visa_account_id
    [126] => profit_work_visa_account_id
    [127] => revenue_umrah_account_id
    [128] => cost_umrah_account_id
    [129] => profit_umrah_account_id
    [130] => revenue_family_visit_account_id
    [131] => cost_family_visit_account_id
    [132] => profit_family_visit_account_id
    [133] => passports_revenue_account
    [134] => passports_cost_account
    [135] => passports_profit_account
    [136] => umrah_service_terms
    [137] => umrah_default_max_muatamers
    [138] => min_passport_validity_months
    [139] => visa_expiry_alert_days
    [140] => work_visa_service_terms
    [141] => family_visit_service_terms
    [142] => family_visit_default_validity_months
    [143] => family_visit_expiry_warning_days
    [144] => bus_flight_service_terms
    [145] => passport_service_terms
    [146] => exchange_gain_account_id
    [147] => exchange_loss_account_id
    [148] => customer_receivable_account_id
    [149] => supplier_payable_account_id
    [150] => default_cash_account_id
    [151] => default_bank_account_id
    [152] => default_cost_account_id
    [153] => fiscal_start_date
    [154] => fiscal_end_date
    [155] => enable_recycle_bin
    [156] => default_delivery_type
    [157] => default_sales_account_id
    [158] => default_purchase_account_id
    [159] => journal_prefix
    [160] => journal_digits
    [161] => srv_bus_journal_prefix
    [162] => srv_flight_journal_prefix
    [163] => srv_passport_journal_prefix
    [164] => srv_umrah_journal_prefix
    [165] => srv_family_journal_prefix
    [166] => srv_visa_journal_prefix
    [167] => enable_automatic_reconciliation
    [168] => require_cost_center
    [169] => allow_negative_balance
    [170] => enable_customer_limit_check
    [171] => enable_supplier_limit_check
    [172] => enable_debit_limit_check
    [173] => enable_tax_fields
    [174] => allow_cancel_without_reverse
    [175] => backup_local_enabled
    [176] => backup_local_path
    [177] => backup_schedule_time
    [178] => backup_notify_due
    [179] => timezone
    [180] => date_format
    [181] => time_format
    [182] => first_day_of_week
    [183] => auto_sync_time
    [184] => attendance_early_minutes
    [185] => attendance_late_minutes
    [186] => departure_early_minutes
    [187] => departure_late_minutes
    [188] => prevent_outside_attendance
    [189] => allow_multiple_sessions
    [190] => session_behavior
)

Processing enable_bus_bookings (type bool): value = 1, result = OK
2026-08-06 02:02:29 - Settings save start
POST keys: Array
(
    [0] => active_tab
    [1] => enable_bus_bookings
    [2] => enable_flight_bookings
    [3] => bookings_show_profit
    [4] => bookings_show_purchase_price
    [5] => bookings_allow_partial_payments
    [6] => bookings_enable_print
    [7] => bookings_enable_export
    [8] => bookings_enable_return_date
    [9] => bookings_enable_bus_type
    [10] => bookings_auto_posting
    [11] => bookings_posting_trigger
    [12] => bookings_workflow_enabled
    [13] => bookings_auto_numbering
    [14] => bus_booking_prefix
    [15] => flight_booking_prefix
    [16] => booking_start_number
    [17] => booking_number_digits
    [18] => bus_flight_service_terms
    [19] => __submitted_settings
    [20] => update_settings
)

Expected settings keys: Array
(
    [0] => site_name
    [1] => email
    [2] => phone
    [3] => address
    [4] => latitude
    [5] => longitude
    [6] => primary_color
    [7] => secondary_color
    [8] => header_color
    [9] => footer_color
    [10] => batch_repeat_days
    [11] => max_passports_per_batch
    [12] => ticker_speed
    [13] => ticker_bg_color
    [14] => sidebar_color
    [15] => menu_btn_color
    [16] => slider_interval
    [17] => query_bg_color
    [18] => query_btn_color
    [19] => query_title
    [20] => meta_description
    [21] => meta_keywords
    [22] => google_verification
    [23] => copyright_text
    [24] => default_profit_account_id
    [25] => developer_name
    [26] => developer_link
    [27] => edit_delete_time_limit
    [28] => disappear_after_read_seconds
    [29] => slider_autoplay
    [30] => slider_controls
    [31] => show_ticker
    [32] => show_office_name
    [33] => show_passport_query
    [34] => enable_work_visa
    [35] => enable_family_visit
    [36] => enable_bus_flight_bookings
    [37] => enable_passport_transactions
    [38] => enable_umrah
    [39] => enable_bus_bookings
    [40] => enable_flight_bookings
    [41] => bookings_show_profit
    [42] => bookings_show_purchase_price
    [43] => bookings_allow_partial_payments
    [44] => bookings_enable_print
    [45] => bookings_enable_export
    [46] => bookings_enable_return_date
    [47] => bookings_enable_bus_type
    [48] => bookings_auto_posting
    [49] => passports_auto_posting
    [50] => bookings_workflow_enabled
    [51] => bookings_auto_numbering
    [52] => auto_invoice_generation
    [53] => passport_allow_discount
    [54] => auto_delete_messages
    [55] => enable_notification_sound
    [56] => enable_message_sound
    [57] => enable_postal_services
    [58] => enable_hajj
    [59] => enable_crm
    [60] => show_service_terms
    [61] => show_general_terms
    [62] => primary_color_light
    [63] => secondary_color_light
    [64] => success_color_light
    [65] => danger_color_light
    [66] => warning_color_light
    [67] => info_color_light
    [68] => text_color_light
    [69] => bg_color_light
    [70] => card_bg_light
    [71] => border_color_light
    [72] => primary_color_dark
    [73] => secondary_color_dark
    [74] => success_color_dark
    [75] => danger_color_dark
    [76] => warning_color_dark
    [77] => info_color_dark
    [78] => text_color_dark
    [79] => bg_color_dark
    [80] => card_bg_dark
    [81] => border_color_dark
    [82] => sidebar_bg_light
    [83] => sidebar_text_light
    [84] => sidebar_icon_color_light
    [85] => sidebar_bg_dark
    [86] => sidebar_text_dark
    [87] => sidebar_icon_color_dark
    [88] => show_login_button
    [89] => show_visit_site_button
    [90] => show_theme_toggle_button
    [91] => show_quick_access_button
    [92] => show_search_button
    [93] => show_fullscreen_button
    [94] => show_notifications_button
    [95] => base_currency_id
    [96] => invoice_posting_trigger
    [97] => sales_invoice_prefix
    [98] => purchase_invoice_prefix
    [99] => invoice_number_digits
    [100] => srv_bus_sales_prefix
    [101] => srv_bus_purchase_prefix
    [102] => srv_bus_digits
    [103] => srv_flight_sales_prefix
    [104] => srv_flight_purchase_prefix
    [105] => srv_flight_digits
    [106] => srv_visa_sales_prefix
    [107] => srv_visa_purchase_prefix
    [108] => srv_visa_digits
    [109] => srv_umrah_sales_prefix
    [110] => srv_umrah_purchase_prefix
    [111] => srv_umrah_digits
    [112] => srv_family_sales_prefix
    [113] => srv_family_purchase_prefix
    [114] => srv_family_digits
    [115] => srv_passport_sales_prefix
    [116] => srv_passport_purchase_prefix
    [117] => srv_passport_digits
    [118] => revenue_bus_account_id
    [119] => cost_bus_account_id
    [120] => profit_bus_account_id
    [121] => revenue_flight_account_id
    [122] => cost_flight_account_id
    [123] => profit_flight_account_id
    [124] => revenue_work_visa_account_id
    [125] => cost_work_visa_account_id
    [126] => profit_work_visa_account_id
    [127] => revenue_umrah_account_id
    [128] => cost_umrah_account_id
    [129] => profit_umrah_account_id
    [130] => revenue_family_visit_account_id
    [131] => cost_family_visit_account_id
    [132] => profit_family_visit_account_id
    [133] => passports_revenue_account
    [134] => passports_cost_account
    [135] => passports_profit_account
    [136] => umrah_service_terms
    [137] => umrah_default_max_muatamers
    [138] => min_passport_validity_months
    [139] => visa_expiry_alert_days
    [140] => work_visa_service_terms
    [141] => family_visit_service_terms
    [142] => family_visit_default_validity_months
    [143] => family_visit_expiry_warning_days
    [144] => bus_flight_service_terms
    [145] => passport_service_terms
    [146] => exchange_gain_account_id
    [147] => exchange_loss_account_id
    [148] => customer_receivable_account_id
    [149] => supplier_payable_account_id
    [150] => default_cash_account_id
    [151] => default_bank_account_id
    [152] => default_cost_account_id
    [153] => fiscal_start_date
    [154] => fiscal_end_date
    [155] => enable_recycle_bin
    [156] => default_delivery_type
    [157] => default_sales_account_id
    [158] => default_purchase_account_id
    [159] => journal_prefix
    [160] => journal_digits
    [161] => srv_bus_journal_prefix
    [162] => srv_flight_journal_prefix
    [163] => srv_passport_journal_prefix
    [164] => srv_umrah_journal_prefix
    [165] => srv_family_journal_prefix
    [166] => srv_visa_journal_prefix
    [167] => enable_automatic_reconciliation
    [168] => require_cost_center
    [169] => allow_negative_balance
    [170] => enable_customer_limit_check
    [171] => enable_supplier_limit_check
    [172] => enable_debit_limit_check
    [173] => enable_tax_fields
    [174] => allow_cancel_without_reverse
    [175] => backup_local_enabled
    [176] => backup_local_path
    [177] => backup_schedule_time
    [178] => backup_notify_due
    [179] => timezone
    [180] => date_format
    [181] => time_format
    [182] => first_day_of_week
    [183] => auto_sync_time
    [184] => attendance_early_minutes
    [185] => attendance_late_minutes
    [186] => departure_early_minutes
    [187] => departure_late_minutes
    [188] => prevent_outside_attendance
    [189] => allow_multiple_sessions
    [190] => session_behavior
)

Processing enable_bus_bookings (type bool): value = 1, result = OK
Processing enable_flight_bookings (type bool): value = 1, result = OK
2026-08-06 02:02:29 - Settings save start
POST keys: Array
(
    [0] => active_tab
    [1] => enable_bus_bookings
    [2] => enable_flight_bookings
    [3] => bookings_show_profit
    [4] => bookings_show_purchase_price
    [5] => bookings_allow_partial_payments
    [6] => bookings_enable_print
    [7] => bookings_enable_export
    [8] => bookings_enable_return_date
    [9] => bookings_enable_bus_type
    [10] => bookings_auto_posting
    [11] => bookings_posting_trigger
    [12] => bookings_workflow_enabled
    [13] => bookings_auto_numbering
    [14] => bus_booking_prefix
    [15] => flight_booking_prefix
    [16] => booking_start_number
    [17] => booking_number_digits
    [18] => bus_flight_service_terms
    [19] => __submitted_settings
    [20] => update_settings
)

Expected settings keys: Array
(
    [0] => site_name
    [1] => email
    [2] => phone
    [3] => address
    [4] => latitude
    [5] => longitude
    [6] => primary_color
    [7] => secondary_color
    [8] => header_color
    [9] => footer_color
    [10] => batch_repeat_days
    [11] => max_passports_per_batch
    [12] => ticker_speed
    [13] => ticker_bg_color
    [14] => sidebar_color
    [15] => menu_btn_color
    [16] => slider_interval
    [17] => query_bg_color
    [18] => query_btn_color
    [19] => query_title
    [20] => meta_description
    [21] => meta_keywords
    [22] => google_verification
    [23] => copyright_text
    [24] => default_profit_account_id
    [25] => developer_name
    [26] => developer_link
    [27] => edit_delete_time_limit
    [28] => disappear_after_read_seconds
    [29] => slider_autoplay
    [30] => slider_controls
    [31] => show_ticker
    [32] => show_office_name
    [33] => show_passport_query
    [34] => enable_work_visa
    [35] => enable_family_visit
    [36] => enable_bus_flight_bookings
    [37] => enable_passport_transactions
    [38] => enable_umrah
    [39] => enable_bus_bookings
    [40] => enable_flight_bookings
    [41] => bookings_show_profit
    [42] => bookings_show_purchase_price
    [43] => bookings_allow_partial_payments
    [44] => bookings_enable_print
    [45] => bookings_enable_export
    [46] => bookings_enable_return_date
    [47] => bookings_enable_bus_type
    [48] => bookings_auto_posting
    [49] => passports_auto_posting
    [50] => bookings_workflow_enabled
    [51] => bookings_auto_numbering
    [52] => auto_invoice_generation
    [53] => passport_allow_discount
    [54] => auto_delete_messages
    [55] => enable_notification_sound
    [56] => enable_message_sound
    [57] => enable_postal_services
    [58] => enable_hajj
    [59] => enable_crm
    [60] => show_service_terms
    [61] => show_general_terms
    [62] => primary_color_light
    [63] => secondary_color_light
    [64] => success_color_light
    [65] => danger_color_light
    [66] => warning_color_light
    [67] => info_color_light
    [68] => text_color_light
    [69] => bg_color_light
    [70] => card_bg_light
    [71] => border_color_light
    [72] => primary_color_dark
    [73] => secondary_color_dark
    [74] => success_color_dark
    [75] => danger_color_dark
    [76] => warning_color_dark
    [77] => info_color_dark
    [78] => text_color_dark
    [79] => bg_color_dark
    [80] => card_bg_dark
    [81] => border_color_dark
    [82] => sidebar_bg_light
    [83] => sidebar_text_light
    [84] => sidebar_icon_color_light
    [85] => sidebar_bg_dark
    [86] => sidebar_text_dark
    [87] => sidebar_icon_color_dark
    [88] => show_login_button
    [89] => show_visit_site_button
    [90] => show_theme_toggle_button
    [91] => show_quick_access_button
    [92] => show_search_button
    [93] => show_fullscreen_button
    [94] => show_notifications_button
    [95] => base_currency_id
    [96] => invoice_posting_trigger
    [97] => sales_invoice_prefix
    [98] => purchase_invoice_prefix
    [99] => invoice_number_digits
    [100] => srv_bus_sales_prefix
    [101] => srv_bus_purchase_prefix
    [102] => srv_bus_digits
    [103] => srv_flight_sales_prefix
    [104] => srv_flight_purchase_prefix
    [105] => srv_flight_digits
    [106] => srv_visa_sales_prefix
    [107] => srv_visa_purchase_prefix
    [108] => srv_visa_digits
    [109] => srv_umrah_sales_prefix
    [110] => srv_umrah_purchase_prefix
    [111] => srv_umrah_digits
    [112] => srv_family_sales_prefix
    [113] => srv_family_purchase_prefix
    [114] => srv_family_digits
    [115] => srv_passport_sales_prefix
    [116] => srv_passport_purchase_prefix
    [117] => srv_passport_digits
    [118] => revenue_bus_account_id
    [119] => cost_bus_account_id
    [120] => profit_bus_account_id
    [121] => revenue_flight_account_id
    [122] => cost_flight_account_id
    [123] => profit_flight_account_id
    [124] => revenue_work_visa_account_id
    [125] => cost_work_visa_account_id
    [126] => profit_work_visa_account_id
    [127] => revenue_umrah_account_id
    [128] => cost_umrah_account_id
    [129] => profit_umrah_account_id
    [130] => revenue_family_visit_account_id
    [131] => cost_family_visit_account_id
    [132] => profit_family_visit_account_id
    [133] => passports_revenue_account
    [134] => passports_cost_account
    [135] => passports_profit_account
    [136] => umrah_service_terms
    [137] => umrah_default_max_muatamers
    [138] => min_passport_validity_months
    [139] => visa_expiry_alert_days
    [140] => work_visa_service_terms
    [141] => family_visit_service_terms
    [142] => family_visit_default_validity_months
    [143] => family_visit_expiry_warning_days
    [144] => bus_flight_service_terms
    [145] => passport_service_terms
    [146] => exchange_gain_account_id
    [147] => exchange_loss_account_id
    [148] => customer_receivable_account_id
    [149] => supplier_payable_account_id
    [150] => default_cash_account_id
    [151] => default_bank_account_id
    [152] => default_cost_account_id
    [153] => fiscal_start_date
    [154] => fiscal_end_date
    [155] => enable_recycle_bin
    [156] => default_delivery_type
    [157] => default_sales_account_id
    [158] => default_purchase_account_id
    [159] => journal_prefix
    [160] => journal_digits
    [161] => srv_bus_journal_prefix
    [162] => srv_flight_journal_prefix
    [163] => srv_passport_journal_prefix
    [164] => srv_umrah_journal_prefix
    [165] => srv_family_journal_prefix
    [166] => srv_visa_journal_prefix
    [167] => enable_automatic_reconciliation
    [168] => require_cost_center
    [169] => allow_negative_balance
    [170] => enable_customer_limit_check
    [171] => enable_supplier_limit_check
    [172] => enable_debit_limit_check
    [173] => enable_tax_fields
    [174] => allow_cancel_without_reverse
    [175] => backup_local_enabled
    [176] => backup_local_path
    [177] => backup_schedule_time
    [178] => backup_notify_due
    [179] => timezone
    [180] => date_format
    [181] => time_format
    [182] => first_day_of_week
    [183] => auto_sync_time
    [184] => attendance_early_minutes
    [185] => attendance_late_minutes
    [186] => departure_early_minutes
    [187] => departure_late_minutes
    [188] => prevent_outside_attendance
    [189] => allow_multiple_sessions
    [190] => session_behavior
)

Processing enable_bus_bookings (type bool): value = 1, result = OK
Processing enable_flight_bookings (type bool): value = 1, result = OK
Processing bookings_show_profit (type bool): value = 1, result = OK
2026-08-06 02:02:29 - Settings save start
POST keys: Array
(
    [0] => active_tab
    [1] => enable_bus_bookings
    [2] => enable_flight_bookings
    [3] => bookings_show_profit
    [4] => bookings_show_purchase_price
    [5] => bookings_allow_partial_payments
    [6] => bookings_enable_print
    [7] => bookings_enable_export
    [8] => bookings_enable_return_date
    [9] => bookings_enable_bus_type
    [10] => bookings_auto_posting
    [11] => bookings_posting_trigger
    [12] => bookings_workflow_enabled
    [13] => bookings_auto_numbering
    [14] => bus_booking_prefix
    [15] => flight_booking_prefix
    [16] => booking_start_number
    [17] => booking_number_digits
    [18] => bus_flight_service_terms
    [19] => __submitted_settings
    [20] => update_settings
)

Expected settings keys: Array
(
    [0] => site_name
    [1] => email
    [2] => phone
    [3] => address
    [4] => latitude
    [5] => longitude
    [6] => primary_color
    [7] => secondary_color
    [8] => header_color
    [9] => footer_color
    [10] => batch_repeat_days
    [11] => max_passports_per_batch
    [12] => ticker_speed
    [13] => ticker_bg_color
    [14] => sidebar_color
    [15] => menu_btn_color
    [16] => slider_interval
    [17] => query_bg_color
    [18] => query_btn_color
    [19] => query_title
    [20] => meta_description
    [21] => meta_keywords
    [22] => google_verification
    [23] => copyright_text
    [24] => default_profit_account_id
    [25] => developer_name
    [26] => developer_link
    [27] => edit_delete_time_limit
    [28] => disappear_after_read_seconds
    [29] => slider_autoplay
    [30] => slider_controls
    [31] => show_ticker
    [32] => show_office_name
    [33] => show_passport_query
    [34] => enable_work_visa
    [35] => enable_family_visit
    [36] => enable_bus_flight_bookings
    [37] => enable_passport_transactions
    [38] => enable_umrah
    [39] => enable_bus_bookings
    [40] => enable_flight_bookings
    [41] => bookings_show_profit
    [42] => bookings_show_purchase_price
    [43] => bookings_allow_partial_payments
    [44] => bookings_enable_print
    [45] => bookings_enable_export
    [46] => bookings_enable_return_date
    [47] => bookings_enable_bus_type
    [48] => bookings_auto_posting
    [49] => passports_auto_posting
    [50] => bookings_workflow_enabled
    [51] => bookings_auto_numbering
    [52] => auto_invoice_generation
    [53] => passport_allow_discount
    [54] => auto_delete_messages
    [55] => enable_notification_sound
    [56] => enable_message_sound
    [57] => enable_postal_services
    [58] => enable_hajj
    [59] => enable_crm
    [60] => show_service_terms
    [61] => show_general_terms
    [62] => primary_color_light
    [63] => secondary_color_light
    [64] => success_color_light
    [65] => danger_color_light
    [66] => warning_color_light
    [67] => info_color_light
    [68] => text_color_light
    [69] => bg_color_light
    [70] => card_bg_light
    [71] => border_color_light
    [72] => primary_color_dark
    [73] => secondary_color_dark
    [74] => success_color_dark
    [75] => danger_color_dark
    [76] => warning_color_dark
    [77] => info_color_dark
    [78] => text_color_dark
    [79] => bg_color_dark
    [80] => card_bg_dark
    [81] => border_color_dark
    [82] => sidebar_bg_light
    [83] => sidebar_text_light
    [84] => sidebar_icon_color_light
    [85] => sidebar_bg_dark
    [86] => sidebar_text_dark
    [87] => sidebar_icon_color_dark
    [88] => show_login_button
    [89] => show_visit_site_button
    [90] => show_theme_toggle_button
    [91] => show_quick_access_button
    [92] => show_search_button
    [93] => show_fullscreen_button
    [94] => show_notifications_button
    [95] => base_currency_id
    [96] => invoice_posting_trigger
    [97] => sales_invoice_prefix
    [98] => purchase_invoice_prefix
    [99] => invoice_number_digits
    [100] => srv_bus_sales_prefix
    [101] => srv_bus_purchase_prefix
    [102] => srv_bus_digits
    [103] => srv_flight_sales_prefix
    [104] => srv_flight_purchase_prefix
    [105] => srv_flight_digits
    [106] => srv_visa_sales_prefix
    [107] => srv_visa_purchase_prefix
    [108] => srv_visa_digits
    [109] => srv_umrah_sales_prefix
    [110] => srv_umrah_purchase_prefix
    [111] => srv_umrah_digits
    [112] => srv_family_sales_prefix
    [113] => srv_family_purchase_prefix
    [114] => srv_family_digits
    [115] => srv_passport_sales_prefix
    [116] => srv_passport_purchase_prefix
    [117] => srv_passport_digits
    [118] => revenue_bus_account_id
    [119] => cost_bus_account_id
    [120] => profit_bus_account_id
    [121] => revenue_flight_account_id
    [122] => cost_flight_account_id
    [123] => profit_flight_account_id
    [124] => revenue_work_visa_account_id
    [125] => cost_work_visa_account_id
    [126] => profit_work_visa_account_id
    [127] => revenue_umrah_account_id
    [128] => cost_umrah_account_id
    [129] => profit_umrah_account_id
    [130] => revenue_family_visit_account_id
    [131] => cost_family_visit_account_id
    [132] => profit_family_visit_account_id
    [133] => passports_revenue_account
    [134] => passports_cost_account
    [135] => passports_profit_account
    [136] => umrah_service_terms
    [137] => umrah_default_max_muatamers
    [138] => min_passport_validity_months
    [139] => visa_expiry_alert_days
    [140] => work_visa_service_terms
    [141] => family_visit_service_terms
    [142] => family_visit_default_validity_months
    [143] => family_visit_expiry_warning_days
    [144] => bus_flight_service_terms
    [145] => passport_service_terms
    [146] => exchange_gain_account_id
    [147] => exchange_loss_account_id
    [148] => customer_receivable_account_id
    [149] => supplier_payable_account_id
    [150] => default_cash_account_id
    [151] => default_bank_account_id
    [152] => default_cost_account_id
    [153] => fiscal_start_date
    [154] => fiscal_end_date
    [155] => enable_recycle_bin
    [156] => default_delivery_type
    [157] => default_sales_account_id
    [158] => default_purchase_account_id
    [159] => journal_prefix
    [160] => journal_digits
    [161] => srv_bus_journal_prefix
    [162] => srv_flight_journal_prefix
    [163] => srv_passport_journal_prefix
    [164] => srv_umrah_journal_prefix
    [165] => srv_family_journal_prefix
    [166] => srv_visa_journal_prefix
    [167] => enable_automatic_reconciliation
    [168] => require_cost_center
    [169] => allow_negative_balance
    [170] => enable_customer_limit_check
    [171] => enable_supplier_limit_check
    [172] => enable_debit_limit_check
    [173] => enable_tax_fields
    [174] => allow_cancel_without_reverse
    [175] => backup_local_enabled
    [176] => backup_local_path
    [177] => backup_schedule_time
    [178] => backup_notify_due
    [179] => timezone
    [180] => date_format
    [181] => time_format
    [182] => first_day_of_week
    [183] => auto_sync_time
    [184] => attendance_early_minutes
    [185] => attendance_late_minutes
    [186] => departure_early_minutes
    [187] => departure_late_minutes
    [188] => prevent_outside_attendance
    [189] => allow_multiple_sessions
    [190] => session_behavior
)

Processing enable_bus_bookings (type bool): value = 1, result = OK
Processing enable_flight_bookings (type bool): value = 1, result = OK
Processing bookings_show_profit (type bool): value = 1, result = OK
Processing bookings_show_purchase_price (type bool): value = 1, result = OK
2026-08-06 02:02:29 - Settings save start
POST keys: Array
(
    [0] => active_tab
    [1] => enable_bus_bookings
    [2] => enable_flight_bookings
    [3] => bookings_show_profit
    [4] => bookings_show_purchase_price
    [5] => bookings_allow_partial_payments
    [6] => bookings_enable_print
    [7] => bookings_enable_export
    [8] => bookings_enable_return_date
    [9] => bookings_enable_bus_type
    [10] => bookings_auto_posting
    [11] => bookings_posting_trigger
    [12] => bookings_workflow_enabled
    [13] => bookings_auto_numbering
    [14] => bus_booking_prefix
    [15] => flight_booking_prefix
    [16] => booking_start_number
    [17] => booking_number_digits
    [18] => bus_flight_service_terms
    [19] => __submitted_settings
    [20] => update_settings
)

Expected settings keys: Array
(
    [0] => site_name
    [1] => email
    [2] => phone
    [3] => address
    [4] => latitude
    [5] => longitude
    [6] => primary_color
    [7] => secondary_color
    [8] => header_color
    [9] => footer_color
    [10] => batch_repeat_days
    [11] => max_passports_per_batch
    [12] => ticker_speed
    [13] => ticker_bg_color
    [14] => sidebar_color
    [15] => menu_btn_color
    [16] => slider_interval
    [17] => query_bg_color
    [18] => query_btn_color
    [19] => query_title
    [20] => meta_description
    [21] => meta_keywords
    [22] => google_verification
    [23] => copyright_text
    [24] => default_profit_account_id
    [25] => developer_name
    [26] => developer_link
    [27] => edit_delete_time_limit
    [28] => disappear_after_read_seconds
    [29] => slider_autoplay
    [30] => slider_controls
    [31] => show_ticker
    [32] => show_office_name
    [33] => show_passport_query
    [34] => enable_work_visa
    [35] => enable_family_visit
    [36] => enable_bus_flight_bookings
    [37] => enable_passport_transactions
    [38] => enable_umrah
    [39] => enable_bus_bookings
    [40] => enable_flight_bookings
    [41] => bookings_show_profit
    [42] => bookings_show_purchase_price
    [43] => bookings_allow_partial_payments
    [44] => bookings_enable_print
    [45] => bookings_enable_export
    [46] => bookings_enable_return_date
    [47] => bookings_enable_bus_type
    [48] => bookings_auto_posting
    [49] => passports_auto_posting
    [50] => bookings_workflow_enabled
    [51] => bookings_auto_numbering
    [52] => auto_invoice_generation
    [53] => passport_allow_discount
    [54] => auto_delete_messages
    [55] => enable_notification_sound
    [56] => enable_message_sound
    [57] => enable_postal_services
    [58] => enable_hajj
    [59] => enable_crm
    [60] => show_service_terms
    [61] => show_general_terms
    [62] => primary_color_light
    [63] => secondary_color_light
    [64] => success_color_light
    [65] => danger_color_light
    [66] => warning_color_light
    [67] => info_color_light
    [68] => text_color_light
    [69] => bg_color_light
    [70] => card_bg_light
    [71] => border_color_light
    [72] => primary_color_dark
    [73] => secondary_color_dark
    [74] => success_color_dark
    [75] => danger_color_dark
    [76] => warning_color_dark
    [77] => info_color_dark
    [78] => text_color_dark
    [79] => bg_color_dark
    [80] => card_bg_dark
    [81] => border_color_dark
    [82] => sidebar_bg_light
    [83] => sidebar_text_light
    [84] => sidebar_icon_color_light
    [85] => sidebar_bg_dark
    [86] => sidebar_text_dark
    [87] => sidebar_icon_color_dark
    [88] => show_login_button
    [89] => show_visit_site_button
    [90] => show_theme_toggle_button
    [91] => show_quick_access_button
    [92] => show_search_button
    [93] => show_fullscreen_button
    [94] => show_notifications_button
    [95] => base_currency_id
    [96] => invoice_posting_trigger
    [97] => sales_invoice_prefix
    [98] => purchase_invoice_prefix
    [99] => invoice_number_digits
    [100] => srv_bus_sales_prefix
    [101] => srv_bus_purchase_prefix
    [102] => srv_bus_digits
    [103] => srv_flight_sales_prefix
    [104] => srv_flight_purchase_prefix
    [105] => srv_flight_digits
    [106] => srv_visa_sales_prefix
    [107] => srv_visa_purchase_prefix
    [108] => srv_visa_digits
    [109] => srv_umrah_sales_prefix
    [110] => srv_umrah_purchase_prefix
    [111] => srv_umrah_digits
    [112] => srv_family_sales_prefix
    [113] => srv_family_purchase_prefix
    [114] => srv_family_digits
    [115] => srv_passport_sales_prefix
    [116] => srv_passport_purchase_prefix
    [117] => srv_passport_digits
    [118] => revenue_bus_account_id
    [119] => cost_bus_account_id
    [120] => profit_bus_account_id
    [121] => revenue_flight_account_id
    [122] => cost_flight_account_id
    [123] => profit_flight_account_id
    [124] => revenue_work_visa_account_id
    [125] => cost_work_visa_account_id
    [126] => profit_work_visa_account_id
    [127] => revenue_umrah_account_id
    [128] => cost_umrah_account_id
    [129] => profit_umrah_account_id
    [130] => revenue_family_visit_account_id
    [131] => cost_family_visit_account_id
    [132] => profit_family_visit_account_id
    [133] => passports_revenue_account
    [134] => passports_cost_account
    [135] => passports_profit_account
    [136] => umrah_service_terms
    [137] => umrah_default_max_muatamers
    [138] => min_passport_validity_months
    [139] => visa_expiry_alert_days
    [140] => work_visa_service_terms
    [141] => family_visit_service_terms
    [142] => family_visit_default_validity_months
    [143] => family_visit_expiry_warning_days
    [144] => bus_flight_service_terms
    [145] => passport_service_terms
    [146] => exchange_gain_account_id
    [147] => exchange_loss_account_id
    [148] => customer_receivable_account_id
    [149] => supplier_payable_account_id
    [150] => default_cash_account_id
    [151] => default_bank_account_id
    [152] => default_cost_account_id
    [153] => fiscal_start_date
    [154] => fiscal_end_date
    [155] => enable_recycle_bin
    [156] => default_delivery_type
    [157] => default_sales_account_id
    [158] => default_purchase_account_id
    [159] => journal_prefix
    [160] => journal_digits
    [161] => srv_bus_journal_prefix
    [162] => srv_flight_journal_prefix
    [163] => srv_passport_journal_prefix
    [164] => srv_umrah_journal_prefix
    [165] => srv_family_journal_prefix
    [166] => srv_visa_journal_prefix
    [167] => enable_automatic_reconciliation
    [168] => require_cost_center
    [169] => allow_negative_balance
    [170] => enable_customer_limit_check
    [171] => enable_supplier_limit_check
    [172] => enable_debit_limit_check
    [173] => enable_tax_fields
    [174] => allow_cancel_without_reverse
    [175] => backup_local_enabled
    [176] => backup_local_path
    [177] => backup_schedule_time
    [178] => backup_notify_due
    [179] => timezone
    [180] => date_format
    [181] => time_format
    [182] => first_day_of_week
    [183] => auto_sync_time
    [184] => attendance_early_minutes
    [185] => attendance_late_minutes
    [186] => departure_early_minutes
    [187] => departure_late_minutes
    [188] => prevent_outside_attendance
    [189] => allow_multiple_sessions
    [190] => session_behavior
)

Processing enable_bus_bookings (type bool): value = 1, result = OK
Processing enable_flight_bookings (type bool): value = 1, result = OK
Processing bookings_show_profit (type bool): value = 1, result = OK
Processing bookings_show_purchase_price (type bool): value = 1, result = OK
Processing bookings_allow_partial_payments (type bool): value = 1, result = OK
2026-08-06 02:02:29 - Settings save start
POST keys: Array
(
    [0] => active_tab
    [1] => enable_bus_bookings
    [2] => enable_flight_bookings
    [3] => bookings_show_profit
    [4] => bookings_show_purchase_price
    [5] => bookings_allow_partial_payments
    [6] => bookings_enable_print
    [7] => bookings_enable_export
    [8] => bookings_enable_return_date
    [9] => bookings_enable_bus_type
    [10] => bookings_auto_posting
    [11] => bookings_posting_trigger
    [12] => bookings_workflow_enabled
    [13] => bookings_auto_numbering
    [14] => bus_booking_prefix
    [15] => flight_booking_prefix
    [16] => booking_start_number
    [17] => booking_number_digits
    [18] => bus_flight_service_terms
    [19] => __submitted_settings
    [20] => update_settings
)

Expected settings keys: Array
(
    [0] => site_name
    [1] => email
    [2] => phone
    [3] => address
    [4] => latitude
    [5] => longitude
    [6] => primary_color
    [7] => secondary_color
    [8] => header_color
    [9] => footer_color
    [10] => batch_repeat_days
    [11] => max_passports_per_batch
    [12] => ticker_speed
    [13] => ticker_bg_color
    [14] => sidebar_color
    [15] => menu_btn_color
    [16] => slider_interval
    [17] => query_bg_color
    [18] => query_btn_color
    [19] => query_title
    [20] => meta_description
    [21] => meta_keywords
    [22] => google_verification
    [23] => copyright_text
    [24] => default_profit_account_id
    [25] => developer_name
    [26] => developer_link
    [27] => edit_delete_time_limit
    [28] => disappear_after_read_seconds
    [29] => slider_autoplay
    [30] => slider_controls
    [31] => show_ticker
    [32] => show_office_name
    [33] => show_passport_query
    [34] => enable_work_visa
    [35] => enable_family_visit
    [36] => enable_bus_flight_bookings
    [37] => enable_passport_transactions
    [38] => enable_umrah
    [39] => enable_bus_bookings
    [40] => enable_flight_bookings
    [41] => bookings_show_profit
    [42] => bookings_show_purchase_price
    [43] => bookings_allow_partial_payments
    [44] => bookings_enable_print
    [45] => bookings_enable_export
    [46] => bookings_enable_return_date
    [47] => bookings_enable_bus_type
    [48] => bookings_auto_posting
    [49] => passports_auto_posting
    [50] => bookings_workflow_enabled
    [51] => bookings_auto_numbering
    [52] => auto_invoice_generation
    [53] => passport_allow_discount
    [54] => auto_delete_messages
    [55] => enable_notification_sound
    [56] => enable_message_sound
    [57] => enable_postal_services
    [58] => enable_hajj
    [59] => enable_crm
    [60] => show_service_terms
    [61] => show_general_terms
    [62] => primary_color_light
    [63] => secondary_color_light
    [64] => success_color_light
    [65] => danger_color_light
    [66] => warning_color_light
    [67] => info_color_light
    [68] => text_color_light
    [69] => bg_color_light
    [70] => card_bg_light
    [71] => border_color_light
    [72] => primary_color_dark
    [73] => secondary_color_dark
    [74] => success_color_dark
    [75] => danger_color_dark
    [76] => warning_color_dark
    [77] => info_color_dark
    [78] => text_color_dark
    [79] => bg_color_dark
    [80] => card_bg_dark
    [81] => border_color_dark
    [82] => sidebar_bg_light
    [83] => sidebar_text_light
    [84] => sidebar_icon_color_light
    [85] => sidebar_bg_dark
    [86] => sidebar_text_dark
    [87] => sidebar_icon_color_dark
    [88] => show_login_button
    [89] => show_visit_site_button
    [90] => show_theme_toggle_button
    [91] => show_quick_access_button
    [92] => show_search_button
    [93] => show_fullscreen_button
    [94] => show_notifications_button
    [95] => base_currency_id
    [96] => invoice_posting_trigger
    [97] => sales_invoice_prefix
    [98] => purchase_invoice_prefix
    [99] => invoice_number_digits
    [100] => srv_bus_sales_prefix
    [101] => srv_bus_purchase_prefix
    [102] => srv_bus_digits
    [103] => srv_flight_sales_prefix
    [104] => srv_flight_purchase_prefix
    [105] => srv_flight_digits
    [106] => srv_visa_sales_prefix
    [107] => srv_visa_purchase_prefix
    [108] => srv_visa_digits
    [109] => srv_umrah_sales_prefix
    [110] => srv_umrah_purchase_prefix
    [111] => srv_umrah_digits
    [112] => srv_family_sales_prefix
    [113] => srv_family_purchase_prefix
    [114] => srv_family_digits
    [115] => srv_passport_sales_prefix
    [116] => srv_passport_purchase_prefix
    [117] => srv_passport_digits
    [118] => revenue_bus_account_id
    [119] => cost_bus_account_id
    [120] => profit_bus_account_id
    [121] => revenue_flight_account_id
    [122] => cost_flight_account_id
    [123] => profit_flight_account_id
    [124] => revenue_work_visa_account_id
    [125] => cost_work_visa_account_id
    [126] => profit_work_visa_account_id
    [127] => revenue_umrah_account_id
    [128] => cost_umrah_account_id
    [129] => profit_umrah_account_id
    [130] => revenue_family_visit_account_id
    [131] => cost_family_visit_account_id
    [132] => profit_family_visit_account_id
    [133] => passports_revenue_account
    [134] => passports_cost_account
    [135] => passports_profit_account
    [136] => umrah_service_terms
    [137] => umrah_default_max_muatamers
    [138] => min_passport_validity_months
    [139] => visa_expiry_alert_days
    [140] => work_visa_service_terms
    [141] => family_visit_service_terms
    [142] => family_visit_default_validity_months
    [143] => family_visit_expiry_warning_days
    [144] => bus_flight_service_terms
    [145] => passport_service_terms
    [146] => exchange_gain_account_id
    [147] => exchange_loss_account_id
    [148] => customer_receivable_account_id
    [149] => supplier_payable_account_id
    [150] => default_cash_account_id
    [151] => default_bank_account_id
    [152] => default_cost_account_id
    [153] => fiscal_start_date
    [154] => fiscal_end_date
    [155] => enable_recycle_bin
    [156] => default_delivery_type
    [157] => default_sales_account_id
    [158] => default_purchase_account_id
    [159] => journal_prefix
    [160] => journal_digits
    [161] => srv_bus_journal_prefix
    [162] => srv_flight_journal_prefix
    [163] => srv_passport_journal_prefix
    [164] => srv_umrah_journal_prefix
    [165] => srv_family_journal_prefix
    [166] => srv_visa_journal_prefix
    [167] => enable_automatic_reconciliation
    [168] => require_cost_center
    [169] => allow_negative_balance
    [170] => enable_customer_limit_check
    [171] => enable_supplier_limit_check
    [172] => enable_debit_limit_check
    [173] => enable_tax_fields
    [174] => allow_cancel_without_reverse
    [175] => backup_local_enabled
    [176] => backup_local_path
    [177] => backup_schedule_time
    [178] => backup_notify_due
    [179] => timezone
    [180] => date_format
    [181] => time_format
    [182] => first_day_of_week
    [183] => auto_sync_time
    [184] => attendance_early_minutes
    [185] => attendance_late_minutes
    [186] => departure_early_minutes
    [187] => departure_late_minutes
    [188] => prevent_outside_attendance
    [189] => allow_multiple_sessions
    [190] => session_behavior
)

Processing enable_bus_bookings (type bool): value = 1, result = OK
Processing enable_flight_bookings (type bool): value = 1, result = OK
Processing bookings_show_profit (type bool): value = 1, result = OK
Processing bookings_show_purchase_price (type bool): value = 1, result = OK
Processing bookings_allow_partial_payments (type bool): value = 1, result = OK
Processing bookings_enable_print (type bool): value = 1, result = OK
2026-08-06 02:02:29 - Settings save start
POST keys: Array
(
    [0] => active_tab
    [1] => enable_bus_bookings
    [2] => enable_flight_bookings
    [3] => bookings_show_profit
    [4] => bookings_show_purchase_price
    [5] => bookings_allow_partial_payments
    [6] => bookings_enable_print
    [7] => bookings_enable_export
    [8] => bookings_enable_return_date
    [9] => bookings_enable_bus_type
    [10] => bookings_auto_posting
    [11] => bookings_posting_trigger
    [12] => bookings_workflow_enabled
    [13] => bookings_auto_numbering
    [14] => bus_booking_prefix
    [15] => flight_booking_prefix
    [16] => booking_start_number
    [17] => booking_number_digits
    [18] => bus_flight_service_terms
    [19] => __submitted_settings
    [20] => update_settings
)

Expected settings keys: Array
(
    [0] => site_name
    [1] => email
    [2] => phone
    [3] => address
    [4] => latitude
    [5] => longitude
    [6] => primary_color
    [7] => secondary_color
    [8] => header_color
    [9] => footer_color
    [10] => batch_repeat_days
    [11] => max_passports_per_batch
    [12] => ticker_speed
    [13] => ticker_bg_color
    [14] => sidebar_color
    [15] => menu_btn_color
    [16] => slider_interval
    [17] => query_bg_color
    [18] => query_btn_color
    [19] => query_title
    [20] => meta_description
    [21] => meta_keywords
    [22] => google_verification
    [23] => copyright_text
    [24] => default_profit_account_id
    [25] => developer_name
    [26] => developer_link
    [27] => edit_delete_time_limit
    [28] => disappear_after_read_seconds
    [29] => slider_autoplay
    [30] => slider_controls
    [31] => show_ticker
    [32] => show_office_name
    [33] => show_passport_query
    [34] => enable_work_visa
    [35] => enable_family_visit
    [36] => enable_bus_flight_bookings
    [37] => enable_passport_transactions
    [38] => enable_umrah
    [39] => enable_bus_bookings
    [40] => enable_flight_bookings
    [41] => bookings_show_profit
    [42] => bookings_show_purchase_price
    [43] => bookings_allow_partial_payments
    [44] => bookings_enable_print
    [45] => bookings_enable_export
    [46] => bookings_enable_return_date
    [47] => bookings_enable_bus_type
    [48] => bookings_auto_posting
    [49] => passports_auto_posting
    [50] => bookings_workflow_enabled
    [51] => bookings_auto_numbering
    [52] => auto_invoice_generation
    [53] => passport_allow_discount
    [54] => auto_delete_messages
    [55] => enable_notification_sound
    [56] => enable_message_sound
    [57] => enable_postal_services
    [58] => enable_hajj
    [59] => enable_crm
    [60] => show_service_terms
    [61] => show_general_terms
    [62] => primary_color_light
    [63] => secondary_color_light
    [64] => success_color_light
    [65] => danger_color_light
    [66] => warning_color_light
    [67] => info_color_light
    [68] => text_color_light
    [69] => bg_color_light
    [70] => card_bg_light
    [71] => border_color_light
    [72] => primary_color_dark
    [73] => secondary_color_dark
    [74] => success_color_dark
    [75] => danger_color_dark
    [76] => warning_color_dark
    [77] => info_color_dark
    [78] => text_color_dark
    [79] => bg_color_dark
    [80] => card_bg_dark
    [81] => border_color_dark
    [82] => sidebar_bg_light
    [83] => sidebar_text_light
    [84] => sidebar_icon_color_light
    [85] => sidebar_bg_dark
    [86] => sidebar_text_dark
    [87] => sidebar_icon_color_dark
    [88] => show_login_button
    [89] => show_visit_site_button
    [90] => show_theme_toggle_button
    [91] => show_quick_access_button
    [92] => show_search_button
    [93] => show_fullscreen_button
    [94] => show_notifications_button
    [95] => base_currency_id
    [96] => invoice_posting_trigger
    [97] => sales_invoice_prefix
    [98] => purchase_invoice_prefix
    [99] => invoice_number_digits
    [100] => srv_bus_sales_prefix
    [101] => srv_bus_purchase_prefix
    [102] => srv_bus_digits
    [103] => srv_flight_sales_prefix
    [104] => srv_flight_purchase_prefix
    [105] => srv_flight_digits
    [106] => srv_visa_sales_prefix
    [107] => srv_visa_purchase_prefix
    [108] => srv_visa_digits
    [109] => srv_umrah_sales_prefix
    [110] => srv_umrah_purchase_prefix
    [111] => srv_umrah_digits
    [112] => srv_family_sales_prefix
    [113] => srv_family_purchase_prefix
    [114] => srv_family_digits
    [115] => srv_passport_sales_prefix
    [116] => srv_passport_purchase_prefix
    [117] => srv_passport_digits
    [118] => revenue_bus_account_id
    [119] => cost_bus_account_id
    [120] => profit_bus_account_id
    [121] => revenue_flight_account_id
    [122] => cost_flight_account_id
    [123] => profit_flight_account_id
    [124] => revenue_work_visa_account_id
    [125] => cost_work_visa_account_id
    [126] => profit_work_visa_account_id
    [127] => revenue_umrah_account_id
    [128] => cost_umrah_account_id
    [129] => profit_umrah_account_id
    [130] => revenue_family_visit_account_id
    [131] => cost_family_visit_account_id
    [132] => profit_family_visit_account_id
    [133] => passports_revenue_account
    [134] => passports_cost_account
    [135] => passports_profit_account
    [136] => umrah_service_terms
    [137] => umrah_default_max_muatamers
    [138] => min_passport_validity_months
    [139] => visa_expiry_alert_days
    [140] => work_visa_service_terms
    [141] => family_visit_service_terms
    [142] => family_visit_default_validity_months
    [143] => family_visit_expiry_warning_days
    [144] => bus_flight_service_terms
    [145] => passport_service_terms
    [146] => exchange_gain_account_id
    [147] => exchange_loss_account_id
    [148] => customer_receivable_account_id
    [149] => supplier_payable_account_id
    [150] => default_cash_account_id
    [151] => default_bank_account_id
    [152] => default_cost_account_id
    [153] => fiscal_start_date
    [154] => fiscal_end_date
    [155] => enable_recycle_bin
    [156] => default_delivery_type
    [157] => default_sales_account_id
    [158] => default_purchase_account_id
    [159] => journal_prefix
    [160] => journal_digits
    [161] => srv_bus_journal_prefix
    [162] => srv_flight_journal_prefix
    [163] => srv_passport_journal_prefix
    [164] => srv_umrah_journal_prefix
    [165] => srv_family_journal_prefix
    [166] => srv_visa_journal_prefix
    [167] => enable_automatic_reconciliation
    [168] => require_cost_center
    [169] => allow_negative_balance
    [170] => enable_customer_limit_check
    [171] => enable_supplier_limit_check
    [172] => enable_debit_limit_check
    [173] => enable_tax_fields
    [174] => allow_cancel_without_reverse
    [175] => backup_local_enabled
    [176] => backup_local_path
    [177] => backup_schedule_time
    [178] => backup_notify_due
    [179] => timezone
    [180] => date_format
    [181] => time_format
    [182] => first_day_of_week
    [183] => auto_sync_time
    [184] => attendance_early_minutes
    [185] => attendance_late_minutes
    [186] => departure_early_minutes
    [187] => departure_late_minutes
    [188] => prevent_outside_attendance
    [189] => allow_multiple_sessions
    [190] => session_behavior
)

Processing enable_bus_bookings (type bool): value = 1, result = OK
Processing enable_flight_bookings (type bool): value = 1, result = OK
Processing bookings_show_profit (type bool): value = 1, result = OK
Processing bookings_show_purchase_price (type bool): value = 1, result = OK
Processing bookings_allow_partial_payments (type bool): value = 1, result = OK
Processing bookings_enable_print (type bool): value = 1, result = OK
Processing bookings_enable_export (type bool): value = 1, result = OK
2026-08-06 02:02:29 - Settings save start
POST keys: Array
(
    [0] => active_tab
    [1] => enable_bus_bookings
    [2] => enable_flight_bookings
    [3] => bookings_show_profit
    [4] => bookings_show_purchase_price
    [5] => bookings_allow_partial_payments
    [6] => bookings_enable_print
    [7] => bookings_enable_export
    [8] => bookings_enable_return_date
    [9] => bookings_enable_bus_type
    [10] => bookings_auto_posting
    [11] => bookings_posting_trigger
    [12] => bookings_workflow_enabled
    [13] => bookings_auto_numbering
    [14] => bus_booking_prefix
    [15] => flight_booking_prefix
    [16] => booking_start_number
    [17] => booking_number_digits
    [18] => bus_flight_service_terms
    [19] => __submitted_settings
    [20] => update_settings
)

Expected settings keys: Array
(
    [0] => site_name
    [1] => email
    [2] => phone
    [3] => address
    [4] => latitude
    [5] => longitude
    [6] => primary_color
    [7] => secondary_color
    [8] => header_color
    [9] => footer_color
    [10] => batch_repeat_days
    [11] => max_passports_per_batch
    [12] => ticker_speed
    [13] => ticker_bg_color
    [14] => sidebar_color
    [15] => menu_btn_color
    [16] => slider_interval
    [17] => query_bg_color
    [18] => query_btn_color
    [19] => query_title
    [20] => meta_description
    [21] => meta_keywords
    [22] => google_verification
    [23] => copyright_text
    [24] => default_profit_account_id
    [25] => developer_name
    [26] => developer_link
    [27] => edit_delete_time_limit
    [28] => disappear_after_read_seconds
    [29] => slider_autoplay
    [30] => slider_controls
    [31] => show_ticker
    [32] => show_office_name
    [33] => show_passport_query
    [34] => enable_work_visa
    [35] => enable_family_visit
    [36] => enable_bus_flight_bookings
    [37] => enable_passport_transactions
    [38] => enable_umrah
    [39] => enable_bus_bookings
    [40] => enable_flight_bookings
    [41] => bookings_show_profit
    [42] => bookings_show_purchase_price
    [43] => bookings_allow_partial_payments
    [44] => bookings_enable_print
    [45] => bookings_enable_export
    [46] => bookings_enable_return_date
    [47] => bookings_enable_bus_type
    [48] => bookings_auto_posting
    [49] => passports_auto_posting
    [50] => bookings_workflow_enabled
    [51] => bookings_auto_numbering
    [52] => auto_invoice_generation
    [53] => passport_allow_discount
    [54] => auto_delete_messages
    [55] => enable_notification_sound
    [56] => enable_message_sound
    [57] => enable_postal_services
    [58] => enable_hajj
    [59] => enable_crm
    [60] => show_service_terms
    [61] => show_general_terms
    [62] => primary_color_light
    [63] => secondary_color_light
    [64] => success_color_light
    [65] => danger_color_light
    [66] => warning_color_light
    [67] => info_color_light
    [68] => text_color_light
    [69] => bg_color_light
    [70] => card_bg_light
    [71] => border_color_light
    [72] => primary_color_dark
    [73] => secondary_color_dark
    [74] => success_color_dark
    [75] => danger_color_dark
    [76] => warning_color_dark
    [77] => info_color_dark
    [78] => text_color_dark
    [79] => bg_color_dark
    [80] => card_bg_dark
    [81] => border_color_dark
    [82] => sidebar_bg_light
    [83] => sidebar_text_light
    [84] => sidebar_icon_color_light
    [85] => sidebar_bg_dark
    [86] => sidebar_text_dark
    [87] => sidebar_icon_color_dark
    [88] => show_login_button
    [89] => show_visit_site_button
    [90] => show_theme_toggle_button
    [91] => show_quick_access_button
    [92] => show_search_button
    [93] => show_fullscreen_button
    [94] => show_notifications_button
    [95] => base_currency_id
    [96] => invoice_posting_trigger
    [97] => sales_invoice_prefix
    [98] => purchase_invoice_prefix
    [99] => invoice_number_digits
    [100] => srv_bus_sales_prefix
    [101] => srv_bus_purchase_prefix
    [102] => srv_bus_digits
    [103] => srv_flight_sales_prefix
    [104] => srv_flight_purchase_prefix
    [105] => srv_flight_digits
    [106] => srv_visa_sales_prefix
    [107] => srv_visa_purchase_prefix
    [108] => srv_visa_digits
    [109] => srv_umrah_sales_prefix
    [110] => srv_umrah_purchase_prefix
    [111] => srv_umrah_digits
    [112] => srv_family_sales_prefix
    [113] => srv_family_purchase_prefix
    [114] => srv_family_digits
    [115] => srv_passport_sales_prefix
    [116] => srv_passport_purchase_prefix
    [117] => srv_passport_digits
    [118] => revenue_bus_account_id
    [119] => cost_bus_account_id
    [120] => profit_bus_account_id
    [121] => revenue_flight_account_id
    [122] => cost_flight_account_id
    [123] => profit_flight_account_id
    [124] => revenue_work_visa_account_id
    [125] => cost_work_visa_account_id
    [126] => profit_work_visa_account_id
    [127] => revenue_umrah_account_id
    [128] => cost_umrah_account_id
    [129] => profit_umrah_account_id
    [130] => revenue_family_visit_account_id
    [131] => cost_family_visit_account_id
    [132] => profit_family_visit_account_id
    [133] => passports_revenue_account
    [134] => passports_cost_account
    [135] => passports_profit_account
    [136] => umrah_service_terms
    [137] => umrah_default_max_muatamers
    [138] => min_passport_validity_months
    [139] => visa_expiry_alert_days
    [140] => work_visa_service_terms
    [141] => family_visit_service_terms
    [142] => family_visit_default_validity_months
    [143] => family_visit_expiry_warning_days
    [144] => bus_flight_service_terms
    [145] => passport_service_terms
    [146] => exchange_gain_account_id
    [147] => exchange_loss_account_id
    [148] => customer_receivable_account_id
    [149] => supplier_payable_account_id
    [150] => default_cash_account_id
    [151] => default_bank_account_id
    [152] => default_cost_account_id
    [153] => fiscal_start_date
    [154] => fiscal_end_date
    [155] => enable_recycle_bin
    [156] => default_delivery_type
    [157] => default_sales_account_id
    [158] => default_purchase_account_id
    [159] => journal_prefix
    [160] => journal_digits
    [161] => srv_bus_journal_prefix
    [162] => srv_flight_journal_prefix
    [163] => srv_passport_journal_prefix
    [164] => srv_umrah_journal_prefix
    [165] => srv_family_journal_prefix
    [166] => srv_visa_journal_prefix
    [167] => enable_automatic_reconciliation
    [168] => require_cost_center
    [169] => allow_negative_balance
    [170] => enable_customer_limit_check
    [171] => enable_supplier_limit_check
    [172] => enable_debit_limit_check
    [173] => enable_tax_fields
    [174] => allow_cancel_without_reverse
    [175] => backup_local_enabled
    [176] => backup_local_path
    [177] => backup_schedule_time
    [178] => backup_notify_due
    [179] => timezone
    [180] => date_format
    [181] => time_format
    [182] => first_day_of_week
    [183] => auto_sync_time
    [184] => attendance_early_minutes
    [185] => attendance_late_minutes
    [186] => departure_early_minutes
    [187] => departure_late_minutes
    [188] => prevent_outside_attendance
    [189] => allow_multiple_sessions
    [190] => session_behavior
)

Processing enable_bus_bookings (type bool): value = 1, result = OK
Processing enable_flight_bookings (type bool): value = 1, result = OK
Processing bookings_show_profit (type bool): value = 1, result = OK
Processing bookings_show_purchase_price (type bool): value = 1, result = OK
Processing bookings_allow_partial_payments (type bool): value = 1, result = OK
Processing bookings_enable_print (type bool): value = 1, result = OK
Processing bookings_enable_export (type bool): value = 1, result = OK
Processing bookings_enable_return_date (type bool): value = 1, result = OK
2026-08-06 02:02:29 - Settings save start
POST keys: Array
(
    [0] => active_tab
    [1] => enable_bus_bookings
    [2] => enable_flight_bookings
    [3] => bookings_show_profit
    [4] => bookings_show_purchase_price
    [5] => bookings_allow_partial_payments
    [6] => bookings_enable_print
    [7] => bookings_enable_export
    [8] => bookings_enable_return_date
    [9] => bookings_enable_bus_type
    [10] => bookings_auto_posting
    [11] => bookings_posting_trigger
    [12] => bookings_workflow_enabled
    [13] => bookings_auto_numbering
    [14] => bus_booking_prefix
    [15] => flight_booking_prefix
    [16] => booking_start_number
    [17] => booking_number_digits
    [18] => bus_flight_service_terms
    [19] => __submitted_settings
    [20] => update_settings
)

Expected settings keys: Array
(
    [0] => site_name
    [1] => email
    [2] => phone
    [3] => address
    [4] => latitude
    [5] => longitude
    [6] => primary_color
    [7] => secondary_color
    [8] => header_color
    [9] => footer_color
    [10] => batch_repeat_days
    [11] => max_passports_per_batch
    [12] => ticker_speed
    [13] => ticker_bg_color
    [14] => sidebar_color
    [15] => menu_btn_color
    [16] => slider_interval
    [17] => query_bg_color
    [18] => query_btn_color
    [19] => query_title
    [20] => meta_description
    [21] => meta_keywords
    [22] => google_verification
    [23] => copyright_text
    [24] => default_profit_account_id
    [25] => developer_name
    [26] => developer_link
    [27] => edit_delete_time_limit
    [28] => disappear_after_read_seconds
    [29] => slider_autoplay
    [30] => slider_controls
    [31] => show_ticker
    [32] => show_office_name
    [33] => show_passport_query
    [34] => enable_work_visa
    [35] => enable_family_visit
    [36] => enable_bus_flight_bookings
    [37] => enable_passport_transactions
    [38] => enable_umrah
    [39] => enable_bus_bookings
    [40] => enable_flight_bookings
    [41] => bookings_show_profit
    [42] => bookings_show_purchase_price
    [43] => bookings_allow_partial_payments
    [44] => bookings_enable_print
    [45] => bookings_enable_export
    [46] => bookings_enable_return_date
    [47] => bookings_enable_bus_type
    [48] => bookings_auto_posting
    [49] => passports_auto_posting
    [50] => bookings_workflow_enabled
    [51] => bookings_auto_numbering
    [52] => auto_invoice_generation
    [53] => passport_allow_discount
    [54] => auto_delete_messages
    [55] => enable_notification_sound
    [56] => enable_message_sound
    [57] => enable_postal_services
    [58] => enable_hajj
    [59] => enable_crm
    [60] => show_service_terms
    [61] => show_general_terms
    [62] => primary_color_light
    [63] => secondary_color_light
    [64] => success_color_light
    [65] => danger_color_light
    [66] => warning_color_light
    [67] => info_color_light
    [68] => text_color_light
    [69] => bg_color_light
    [70] => card_bg_light
    [71] => border_color_light
    [72] => primary_color_dark
    [73] => secondary_color_dark
    [74] => success_color_dark
    [75] => danger_color_dark
    [76] => warning_color_dark
    [77] => info_color_dark
    [78] => text_color_dark
    [79] => bg_color_dark
    [80] => card_bg_dark
    [81] => border_color_dark
    [82] => sidebar_bg_light
    [83] => sidebar_text_light
    [84] => sidebar_icon_color_light
    [85] => sidebar_bg_dark
    [86] => sidebar_text_dark
    [87] => sidebar_icon_color_dark
    [88] => show_login_button
    [89] => show_visit_site_button
    [90] => show_theme_toggle_button
    [91] => show_quick_access_button
    [92] => show_search_button
    [93] => show_fullscreen_button
    [94] => show_notifications_button
    [95] => base_currency_id
    [96] => invoice_posting_trigger
    [97] => sales_invoice_prefix
    [98] => purchase_invoice_prefix
    [99] => invoice_number_digits
    [100] => srv_bus_sales_prefix
    [101] => srv_bus_purchase_prefix
    [102] => srv_bus_digits
    [103] => srv_flight_sales_prefix
    [104] => srv_flight_purchase_prefix
    [105] => srv_flight_digits
    [106] => srv_visa_sales_prefix
    [107] => srv_visa_purchase_prefix
    [108] => srv_visa_digits
    [109] => srv_umrah_sales_prefix
    [110] => srv_umrah_purchase_prefix
    [111] => srv_umrah_digits
    [112] => srv_family_sales_prefix
    [113] => srv_family_purchase_prefix
    [114] => srv_family_digits
    [115] => srv_passport_sales_prefix
    [116] => srv_passport_purchase_prefix
    [117] => srv_passport_digits
    [118] => revenue_bus_account_id
    [119] => cost_bus_account_id
    [120] => profit_bus_account_id
    [121] => revenue_flight_account_id
    [122] => cost_flight_account_id
    [123] => profit_flight_account_id
    [124] => revenue_work_visa_account_id
    [125] => cost_work_visa_account_id
    [126] => profit_work_visa_account_id
    [127] => revenue_umrah_account_id
    [128] => cost_umrah_account_id
    [129] => profit_umrah_account_id
    [130] => revenue_family_visit_account_id
    [131] => cost_family_visit_account_id
    [132] => profit_family_visit_account_id
    [133] => passports_revenue_account
    [134] => passports_cost_account
    [135] => passports_profit_account
    [136] => umrah_service_terms
    [137] => umrah_default_max_muatamers
    [138] => min_passport_validity_months
    [139] => visa_expiry_alert_days
    [140] => work_visa_service_terms
    [141] => family_visit_service_terms
    [142] => family_visit_default_validity_months
    [143] => family_visit_expiry_warning_days
    [144] => bus_flight_service_terms
    [145] => passport_service_terms
    [146] => exchange_gain_account_id
    [147] => exchange_loss_account_id
    [148] => customer_receivable_account_id
    [149] => supplier_payable_account_id
    [150] => default_cash_account_id
    [151] => default_bank_account_id
    [152] => default_cost_account_id
    [153] => fiscal_start_date
    [154] => fiscal_end_date
    [155] => enable_recycle_bin
    [156] => default_delivery_type
    [157] => default_sales_account_id
    [158] => default_purchase_account_id
    [159] => journal_prefix
    [160] => journal_digits
    [161] => srv_bus_journal_prefix
    [162] => srv_flight_journal_prefix
    [163] => srv_passport_journal_prefix
    [164] => srv_umrah_journal_prefix
    [165] => srv_family_journal_prefix
    [166] => srv_visa_journal_prefix
    [167] => enable_automatic_reconciliation
    [168] => require_cost_center
    [169] => allow_negative_balance
    [170] => enable_customer_limit_check
    [171] => enable_supplier_limit_check
    [172] => enable_debit_limit_check
    [173] => enable_tax_fields
    [174] => allow_cancel_without_reverse
    [175] => backup_local_enabled
    [176] => backup_local_path
    [177] => backup_schedule_time
    [178] => backup_notify_due
    [179] => timezone
    [180] => date_format
    [181] => time_format
    [182] => first_day_of_week
    [183] => auto_sync_time
    [184] => attendance_early_minutes
    [185] => attendance_late_minutes
    [186] => departure_early_minutes
    [187] => departure_late_minutes
    [188] => prevent_outside_attendance
    [189] => allow_multiple_sessions
    [190] => session_behavior
)

Processing enable_bus_bookings (type bool): value = 1, result = OK
Processing enable_flight_bookings (type bool): value = 1, result = OK
Processing bookings_show_profit (type bool): value = 1, result = OK
Processing bookings_show_purchase_price (type bool): value = 1, result = OK
Processing bookings_allow_partial_payments (type bool): value = 1, result = OK
Processing bookings_enable_print (type bool): value = 1, result = OK
Processing bookings_enable_export (type bool): value = 1, result = OK
Processing bookings_enable_return_date (type bool): value = 1, result = OK
Processing bookings_enable_bus_type (type bool): value = 1, result = OK
2026-08-06 02:02:29 - Settings save start
POST keys: Array
(
    [0] => active_tab
    [1] => enable_bus_bookings
    [2] => enable_flight_bookings
    [3] => bookings_show_profit
    [4] => bookings_show_purchase_price
    [5] => bookings_allow_partial_payments
    [6] => bookings_enable_print
    [7] => bookings_enable_export
    [8] => bookings_enable_return_date
    [9] => bookings_enable_bus_type
    [10] => bookings_auto_posting
    [11] => bookings_posting_trigger
    [12] => bookings_workflow_enabled
    [13] => bookings_auto_numbering
    [14] => bus_booking_prefix
    [15] => flight_booking_prefix
    [16] => booking_start_number
    [17] => booking_number_digits
    [18] => bus_flight_service_terms
    [19] => __submitted_settings
    [20] => update_settings
)

Expected settings keys: Array
(
    [0] => site_name
    [1] => email
    [2] => phone
    [3] => address
    [4] => latitude
    [5] => longitude
    [6] => primary_color
    [7] => secondary_color
    [8] => header_color
    [9] => footer_color
    [10] => batch_repeat_days
    [11] => max_passports_per_batch
    [12] => ticker_speed
    [13] => ticker_bg_color
    [14] => sidebar_color
    [15] => menu_btn_color
    [16] => slider_interval
    [17] => query_bg_color
    [18] => query_btn_color
    [19] => query_title
    [20] => meta_description
    [21] => meta_keywords
    [22] => google_verification
    [23] => copyright_text
    [24] => default_profit_account_id
    [25] => developer_name
    [26] => developer_link
    [27] => edit_delete_time_limit
    [28] => disappear_after_read_seconds
    [29] => slider_autoplay
    [30] => slider_controls
    [31] => show_ticker
    [32] => show_office_name
    [33] => show_passport_query
    [34] => enable_work_visa
    [35] => enable_family_visit
    [36] => enable_bus_flight_bookings
    [37] => enable_passport_transactions
    [38] => enable_umrah
    [39] => enable_bus_bookings
    [40] => enable_flight_bookings
    [41] => bookings_show_profit
    [42] => bookings_show_purchase_price
    [43] => bookings_allow_partial_payments
    [44] => bookings_enable_print
    [45] => bookings_enable_export
    [46] => bookings_enable_return_date
    [47] => bookings_enable_bus_type
    [48] => bookings_auto_posting
    [49] => passports_auto_posting
    [50] => bookings_workflow_enabled
    [51] => bookings_auto_numbering
    [52] => auto_invoice_generation
    [53] => passport_allow_discount
    [54] => auto_delete_messages
    [55] => enable_notification_sound
    [56] => enable_message_sound
    [57] => enable_postal_services
    [58] => enable_hajj
    [59] => enable_crm
    [60] => show_service_terms
    [61] => show_general_terms
    [62] => primary_color_light
    [63] => secondary_color_light
    [64] => success_color_light
    [65] => danger_color_light
    [66] => warning_color_light
    [67] => info_color_light
    [68] => text_color_light
    [69] => bg_color_light
    [70] => card_bg_light
    [71] => border_color_light
    [72] => primary_color_dark
    [73] => secondary_color_dark
    [74] => success_color_dark
    [75] => danger_color_dark
    [76] => warning_color_dark
    [77] => info_color_dark
    [78] => text_color_dark
    [79] => bg_color_dark
    [80] => card_bg_dark
    [81] => border_color_dark
    [82] => sidebar_bg_light
    [83] => sidebar_text_light
    [84] => sidebar_icon_color_light
    [85] => sidebar_bg_dark
    [86] => sidebar_text_dark
    [87] => sidebar_icon_color_dark
    [88] => show_login_button
    [89] => show_visit_site_button
    [90] => show_theme_toggle_button
    [91] => show_quick_access_button
    [92] => show_search_button
    [93] => show_fullscreen_button
    [94] => show_notifications_button
    [95] => base_currency_id
    [96] => invoice_posting_trigger
    [97] => sales_invoice_prefix
    [98] => purchase_invoice_prefix
    [99] => invoice_number_digits
    [100] => srv_bus_sales_prefix
    [101] => srv_bus_purchase_prefix
    [102] => srv_bus_digits
    [103] => srv_flight_sales_prefix
    [104] => srv_flight_purchase_prefix
    [105] => srv_flight_digits
    [106] => srv_visa_sales_prefix
    [107] => srv_visa_purchase_prefix
    [108] => srv_visa_digits
    [109] => srv_umrah_sales_prefix
    [110] => srv_umrah_purchase_prefix
    [111] => srv_umrah_digits
    [112] => srv_family_sales_prefix
    [113] => srv_family_purchase_prefix
    [114] => srv_family_digits
    [115] => srv_passport_sales_prefix
    [116] => srv_passport_purchase_prefix
    [117] => srv_passport_digits
    [118] => revenue_bus_account_id
    [119] => cost_bus_account_id
    [120] => profit_bus_account_id
    [121] => revenue_flight_account_id
    [122] => cost_flight_account_id
    [123] => profit_flight_account_id
    [124] => revenue_work_visa_account_id
    [125] => cost_work_visa_account_id
    [126] => profit_work_visa_account_id
    [127] => revenue_umrah_account_id
    [128] => cost_umrah_account_id
    [129] => profit_umrah_account_id
    [130] => revenue_family_visit_account_id
    [131] => cost_family_visit_account_id
    [132] => profit_family_visit_account_id
    [133] => passports_revenue_account
    [134] => passports_cost_account
    [135] => passports_profit_account
    [136] => umrah_service_terms
    [137] => umrah_default_max_muatamers
    [138] => min_passport_validity_months
    [139] => visa_expiry_alert_days
    [140] => work_visa_service_terms
    [141] => family_visit_service_terms
    [142] => family_visit_default_validity_months
    [143] => family_visit_expiry_warning_days
    [144] => bus_flight_service_terms
    [145] => passport_service_terms
    [146] => exchange_gain_account_id
    [147] => exchange_loss_account_id
    [148] => customer_receivable_account_id
    [149] => supplier_payable_account_id
    [150] => default_cash_account_id
    [151] => default_bank_account_id
    [152] => default_cost_account_id
    [153] => fiscal_start_date
    [154] => fiscal_end_date
    [155] => enable_recycle_bin
    [156] => default_delivery_type
    [157] => default_sales_account_id
    [158] => default_purchase_account_id
    [159] => journal_prefix
    [160] => journal_digits
    [161] => srv_bus_journal_prefix
    [162] => srv_flight_journal_prefix
    [163] => srv_passport_journal_prefix
    [164] => srv_umrah_journal_prefix
    [165] => srv_family_journal_prefix
    [166] => srv_visa_journal_prefix
    [167] => enable_automatic_reconciliation
    [168] => require_cost_center
    [169] => allow_negative_balance
    [170] => enable_customer_limit_check
    [171] => enable_supplier_limit_check
    [172] => enable_debit_limit_check
    [173] => enable_tax_fields
    [174] => allow_cancel_without_reverse
    [175] => backup_local_enabled
    [176] => backup_local_path
    [177] => backup_schedule_time
    [178] => backup_notify_due
    [179] => timezone
    [180] => date_format
    [181] => time_format
    [182] => first_day_of_week
    [183] => auto_sync_time
    [184] => attendance_early_minutes
    [185] => attendance_late_minutes
    [186] => departure_early_minutes
    [187] => departure_late_minutes
    [188] => prevent_outside_attendance
    [189] => allow_multiple_sessions
    [190] => session_behavior
)

Processing enable_bus_bookings (type bool): value = 1, result = OK
Processing enable_flight_bookings (type bool): value = 1, result = OK
Processing bookings_show_profit (type bool): value = 1, result = OK
Processing bookings_show_purchase_price (type bool): value = 1, result = OK
Processing bookings_allow_partial_payments (type bool): value = 1, result = OK
Processing bookings_enable_print (type bool): value = 1, result = OK
Processing bookings_enable_export (type bool): value = 1, result = OK
Processing bookings_enable_return_date (type bool): value = 1, result = OK
Processing bookings_enable_bus_type (type bool): value = 1, result = OK
Processing bookings_auto_posting (type bool): value = 1, result = OK
2026-08-06 02:02:29 - Settings save start
POST keys: Array
(
    [0] => active_tab
    [1] => enable_bus_bookings
    [2] => enable_flight_bookings
    [3] => bookings_show_profit
    [4] => bookings_show_purchase_price
    [5] => bookings_allow_partial_payments
    [6] => bookings_enable_print
    [7] => bookings_enable_export
    [8] => bookings_enable_return_date
    [9] => bookings_enable_bus_type
    [10] => bookings_auto_posting
    [11] => bookings_posting_trigger
    [12] => bookings_workflow_enabled
    [13] => bookings_auto_numbering
    [14] => bus_booking_prefix
    [15] => flight_booking_prefix
    [16] => booking_start_number
    [17] => booking_number_digits
    [18] => bus_flight_service_terms
    [19] => __submitted_settings
    [20] => update_settings
)

Expected settings keys: Array
(
    [0] => site_name
    [1] => email
    [2] => phone
    [3] => address
    [4] => latitude
    [5] => longitude
    [6] => primary_color
    [7] => secondary_color
    [8] => header_color
    [9] => footer_color
    [10] => batch_repeat_days
    [11] => max_passports_per_batch
    [12] => ticker_speed
    [13] => ticker_bg_color
    [14] => sidebar_color
    [15] => menu_btn_color
    [16] => slider_interval
    [17] => query_bg_color
    [18] => query_btn_color
    [19] => query_title
    [20] => meta_description
    [21] => meta_keywords
    [22] => google_verification
    [23] => copyright_text
    [24] => default_profit_account_id
    [25] => developer_name
    [26] => developer_link
    [27] => edit_delete_time_limit
    [28] => disappear_after_read_seconds
    [29] => slider_autoplay
    [30] => slider_controls
    [31] => show_ticker
    [32] => show_office_name
    [33] => show_passport_query
    [34] => enable_work_visa
    [35] => enable_family_visit
    [36] => enable_bus_flight_bookings
    [37] => enable_passport_transactions
    [38] => enable_umrah
    [39] => enable_bus_bookings
    [40] => enable_flight_bookings
    [41] => bookings_show_profit
    [42] => bookings_show_purchase_price
    [43] => bookings_allow_partial_payments
    [44] => bookings_enable_print
    [45] => bookings_enable_export
    [46] => bookings_enable_return_date
    [47] => bookings_enable_bus_type
    [48] => bookings_auto_posting
    [49] => passports_auto_posting
    [50] => bookings_workflow_enabled
    [51] => bookings_auto_numbering
    [52] => auto_invoice_generation
    [53] => passport_allow_discount
    [54] => auto_delete_messages
    [55] => enable_notification_sound
    [56] => enable_message_sound
    [57] => enable_postal_services
    [58] => enable_hajj
    [59] => enable_crm
    [60] => show_service_terms
    [61] => show_general_terms
    [62] => primary_color_light
    [63] => secondary_color_light
    [64] => success_color_light
    [65] => danger_color_light
    [66] => warning_color_light
    [67] => info_color_light
    [68] => text_color_light
    [69] => bg_color_light
    [70] => card_bg_light
    [71] => border_color_light
    [72] => primary_color_dark
    [73] => secondary_color_dark
    [74] => success_color_dark
    [75] => danger_color_dark
    [76] => warning_color_dark
    [77] => info_color_dark
    [78] => text_color_dark
    [79] => bg_color_dark
    [80] => card_bg_dark
    [81] => border_color_dark
    [82] => sidebar_bg_light
    [83] => sidebar_text_light
    [84] => sidebar_icon_color_light
    [85] => sidebar_bg_dark
    [86] => sidebar_text_dark
    [87] => sidebar_icon_color_dark
    [88] => show_login_button
    [89] => show_visit_site_button
    [90] => show_theme_toggle_button
    [91] => show_quick_access_button
    [92] => show_search_button
    [93] => show_fullscreen_button
    [94] => show_notifications_button
    [95] => base_currency_id
    [96] => invoice_posting_trigger
    [97] => sales_invoice_prefix
    [98] => purchase_invoice_prefix
    [99] => invoice_number_digits
    [100] => srv_bus_sales_prefix
    [101] => srv_bus_purchase_prefix
    [102] => srv_bus_digits
    [103] => srv_flight_sales_prefix
    [104] => srv_flight_purchase_prefix
    [105] => srv_flight_digits
    [106] => srv_visa_sales_prefix
    [107] => srv_visa_purchase_prefix
    [108] => srv_visa_digits
    [109] => srv_umrah_sales_prefix
    [110] => srv_umrah_purchase_prefix
    [111] => srv_umrah_digits
    [112] => srv_family_sales_prefix
    [113] => srv_family_purchase_prefix
    [114] => srv_family_digits
    [115] => srv_passport_sales_prefix
    [116] => srv_passport_purchase_prefix
    [117] => srv_passport_digits
    [118] => revenue_bus_account_id
    [119] => cost_bus_account_id
    [120] => profit_bus_account_id
    [121] => revenue_flight_account_id
    [122] => cost_flight_account_id
    [123] => profit_flight_account_id
    [124] => revenue_work_visa_account_id
    [125] => cost_work_visa_account_id
    [126] => profit_work_visa_account_id
    [127] => revenue_umrah_account_id
    [128] => cost_umrah_account_id
    [129] => profit_umrah_account_id
    [130] => revenue_family_visit_account_id
    [131] => cost_family_visit_account_id
    [132] => profit_family_visit_account_id
    [133] => passports_revenue_account
    [134] => passports_cost_account
    [135] => passports_profit_account
    [136] => umrah_service_terms
    [137] => umrah_default_max_muatamers
    [138] => min_passport_validity_months
    [139] => visa_expiry_alert_days
    [140] => work_visa_service_terms
    [141] => family_visit_service_terms
    [142] => family_visit_default_validity_months
    [143] => family_visit_expiry_warning_days
    [144] => bus_flight_service_terms
    [145] => passport_service_terms
    [146] => exchange_gain_account_id
    [147] => exchange_loss_account_id
    [148] => customer_receivable_account_id
    [149] => supplier_payable_account_id
    [150] => default_cash_account_id
    [151] => default_bank_account_id
    [152] => default_cost_account_id
    [153] => fiscal_start_date
    [154] => fiscal_end_date
    [155] => enable_recycle_bin
    [156] => default_delivery_type
    [157] => default_sales_account_id
    [158] => default_purchase_account_id
    [159] => journal_prefix
    [160] => journal_digits
    [161] => srv_bus_journal_prefix
    [162] => srv_flight_journal_prefix
    [163] => srv_passport_journal_prefix
    [164] => srv_umrah_journal_prefix
    [165] => srv_family_journal_prefix
    [166] => srv_visa_journal_prefix
    [167] => enable_automatic_reconciliation
    [168] => require_cost_center
    [169] => allow_negative_balance
    [170] => enable_customer_limit_check
    [171] => enable_supplier_limit_check
    [172] => enable_debit_limit_check
    [173] => enable_tax_fields
    [174] => allow_cancel_without_reverse
    [175] => backup_local_enabled
    [176] => backup_local_path
    [177] => backup_schedule_time
    [178] => backup_notify_due
    [179] => timezone
    [180] => date_format
    [181] => time_format
    [182] => first_day_of_week
    [183] => auto_sync_time
    [184] => attendance_early_minutes
    [185] => attendance_late_minutes
    [186] => departure_early_minutes
    [187] => departure_late_minutes
    [188] => prevent_outside_attendance
    [189] => allow_multiple_sessions
    [190] => session_behavior
)

Processing enable_bus_bookings (type bool): value = 1, result = OK
Processing enable_flight_bookings (type bool): value = 1, result = OK
Processing bookings_show_profit (type bool): value = 1, result = OK
Processing bookings_show_purchase_price (type bool): value = 1, result = OK
Processing bookings_allow_partial_payments (type bool): value = 1, result = OK
Processing bookings_enable_print (type bool): value = 1, result = OK
Processing bookings_enable_export (type bool): value = 1, result = OK
Processing bookings_enable_return_date (type bool): value = 1, result = OK
Processing bookings_enable_bus_type (type bool): value = 1, result = OK
Processing bookings_auto_posting (type bool): value = 1, result = OK
Processing bookings_workflow_enabled (type bool): value = 1, result = OK
2026-08-06 02:02:29 - Settings save start
POST keys: Array
(
    [0] => active_tab
    [1] => enable_bus_bookings
    [2] => enable_flight_bookings
    [3] => bookings_show_profit
    [4] => bookings_show_purchase_price
    [5] => bookings_allow_partial_payments
    [6] => bookings_enable_print
    [7] => bookings_enable_export
    [8] => bookings_enable_return_date
    [9] => bookings_enable_bus_type
    [10] => bookings_auto_posting
    [11] => bookings_posting_trigger
    [12] => bookings_workflow_enabled
    [13] => bookings_auto_numbering
    [14] => bus_booking_prefix
    [15] => flight_booking_prefix
    [16] => booking_start_number
    [17] => booking_number_digits
    [18] => bus_flight_service_terms
    [19] => __submitted_settings
    [20] => update_settings
)

Expected settings keys: Array
(
    [0] => site_name
    [1] => email
    [2] => phone
    [3] => address
    [4] => latitude
    [5] => longitude
    [6] => primary_color
    [7] => secondary_color
    [8] => header_color
    [9] => footer_color
    [10] => batch_repeat_days
    [11] => max_passports_per_batch
    [12] => ticker_speed
    [13] => ticker_bg_color
    [14] => sidebar_color
    [15] => menu_btn_color
    [16] => slider_interval
    [17] => query_bg_color
    [18] => query_btn_color
    [19] => query_title
    [20] => meta_description
    [21] => meta_keywords
    [22] => google_verification
    [23] => copyright_text
    [24] => default_profit_account_id
    [25] => developer_name
    [26] => developer_link
    [27] => edit_delete_time_limit
    [28] => disappear_after_read_seconds
    [29] => slider_autoplay
    [30] => slider_controls
    [31] => show_ticker
    [32] => show_office_name
    [33] => show_passport_query
    [34] => enable_work_visa
    [35] => enable_family_visit
    [36] => enable_bus_flight_bookings
    [37] => enable_passport_transactions
    [38] => enable_umrah
    [39] => enable_bus_bookings
    [40] => enable_flight_bookings
    [41] => bookings_show_profit
    [42] => bookings_show_purchase_price
    [43] => bookings_allow_partial_payments
    [44] => bookings_enable_print
    [45] => bookings_enable_export
    [46] => bookings_enable_return_date
    [47] => bookings_enable_bus_type
    [48] => bookings_auto_posting
    [49] => passports_auto_posting
    [50] => bookings_workflow_enabled
    [51] => bookings_auto_numbering
    [52] => auto_invoice_generation
    [53] => passport_allow_discount
    [54] => auto_delete_messages
    [55] => enable_notification_sound
    [56] => enable_message_sound
    [57] => enable_postal_services
    [58] => enable_hajj
    [59] => enable_crm
    [60] => show_service_terms
    [61] => show_general_terms
    [62] => primary_color_light
    [63] => secondary_color_light
    [64] => success_color_light
    [65] => danger_color_light
    [66] => warning_color_light
    [67] => info_color_light
    [68] => text_color_light
    [69] => bg_color_light
    [70] => card_bg_light
    [71] => border_color_light
    [72] => primary_color_dark
    [73] => secondary_color_dark
    [74] => success_color_dark
    [75] => danger_color_dark
    [76] => warning_color_dark
    [77] => info_color_dark
    [78] => text_color_dark
    [79] => bg_color_dark
    [80] => card_bg_dark
    [81] => border_color_dark
    [82] => sidebar_bg_light
    [83] => sidebar_text_light
    [84] => sidebar_icon_color_light
    [85] => sidebar_bg_dark
    [86] => sidebar_text_dark
    [87] => sidebar_icon_color_dark
    [88] => show_login_button
    [89] => show_visit_site_button
    [90] => show_theme_toggle_button
    [91] => show_quick_access_button
    [92] => show_search_button
    [93] => show_fullscreen_button
    [94] => show_notifications_button
    [95] => base_currency_id
    [96] => invoice_posting_trigger
    [97] => sales_invoice_prefix
    [98] => purchase_invoice_prefix
    [99] => invoice_number_digits
    [100] => srv_bus_sales_prefix
    [101] => srv_bus_purchase_prefix
    [102] => srv_bus_digits
    [103] => srv_flight_sales_prefix
    [104] => srv_flight_purchase_prefix
    [105] => srv_flight_digits
    [106] => srv_visa_sales_prefix
    [107] => srv_visa_purchase_prefix
    [108] => srv_visa_digits
    [109] => srv_umrah_sales_prefix
    [110] => srv_umrah_purchase_prefix
    [111] => srv_umrah_digits
    [112] => srv_family_sales_prefix
    [113] => srv_family_purchase_prefix
    [114] => srv_family_digits
    [115] => srv_passport_sales_prefix
    [116] => srv_passport_purchase_prefix
    [117] => srv_passport_digits
    [118] => revenue_bus_account_id
    [119] => cost_bus_account_id
    [120] => profit_bus_account_id
    [121] => revenue_flight_account_id
    [122] => cost_flight_account_id
    [123] => profit_flight_account_id
    [124] => revenue_work_visa_account_id
    [125] => cost_work_visa_account_id
    [126] => profit_work_visa_account_id
    [127] => revenue_umrah_account_id
    [128] => cost_umrah_account_id
    [129] => profit_umrah_account_id
    [130] => revenue_family_visit_account_id
    [131] => cost_family_visit_account_id
    [132] => profit_family_visit_account_id
    [133] => passports_revenue_account
    [134] => passports_cost_account
    [135] => passports_profit_account
    [136] => umrah_service_terms
    [137] => umrah_default_max_muatamers
    [138] => min_passport_validity_months
    [139] => visa_expiry_alert_days
    [140] => work_visa_service_terms
    [141] => family_visit_service_terms
    [142] => family_visit_default_validity_months
    [143] => family_visit_expiry_warning_days
    [144] => bus_flight_service_terms
    [145] => passport_service_terms
    [146] => exchange_gain_account_id
    [147] => exchange_loss_account_id
    [148] => customer_receivable_account_id
    [149] => supplier_payable_account_id
    [150] => default_cash_account_id
    [151] => default_bank_account_id
    [152] => default_cost_account_id
    [153] => fiscal_start_date
    [154] => fiscal_end_date
    [155] => enable_recycle_bin
    [156] => default_delivery_type
    [157] => default_sales_account_id
    [158] => default_purchase_account_id
    [159] => journal_prefix
    [160] => journal_digits
    [161] => srv_bus_journal_prefix
    [162] => srv_flight_journal_prefix
    [163] => srv_passport_journal_prefix
    [164] => srv_umrah_journal_prefix
    [165] => srv_family_journal_prefix
    [166] => srv_visa_journal_prefix
    [167] => enable_automatic_reconciliation
    [168] => require_cost_center
    [169] => allow_negative_balance
    [170] => enable_customer_limit_check
    [171] => enable_supplier_limit_check
    [172] => enable_debit_limit_check
    [173] => enable_tax_fields
    [174] => allow_cancel_without_reverse
    [175] => backup_local_enabled
    [176] => backup_local_path
    [177] => backup_schedule_time
    [178] => backup_notify_due
    [179] => timezone
    [180] => date_format
    [181] => time_format
    [182] => first_day_of_week
    [183] => auto_sync_time
    [184] => attendance_early_minutes
    [185] => attendance_late_minutes
    [186] => departure_early_minutes
    [187] => departure_late_minutes
    [188] => prevent_outside_attendance
    [189] => allow_multiple_sessions
    [190] => session_behavior
)

Processing enable_bus_bookings (type bool): value = 1, result = OK
Processing enable_flight_bookings (type bool): value = 1, result = OK
Processing bookings_show_profit (type bool): value = 1, result = OK
Processing bookings_show_purchase_price (type bool): value = 1, result = OK
Processing bookings_allow_partial_payments (type bool): value = 1, result = OK
Processing bookings_enable_print (type bool): value = 1, result = OK
Processing bookings_enable_export (type bool): value = 1, result = OK
Processing bookings_enable_return_date (type bool): value = 1, result = OK
Processing bookings_enable_bus_type (type bool): value = 1, result = OK
Processing bookings_auto_posting (type bool): value = 1, result = OK
Processing bookings_workflow_enabled (type bool): value = 1, result = OK
Processing bookings_auto_numbering (type bool): value = 1, result = OK
2026-08-06 02:02:29 - Settings save start
POST keys: Array
(
    [0] => active_tab
    [1] => enable_bus_bookings
    [2] => enable_flight_bookings
    [3] => bookings_show_profit
    [4] => bookings_show_purchase_price
    [5] => bookings_allow_partial_payments
    [6] => bookings_enable_print
    [7] => bookings_enable_export
    [8] => bookings_enable_return_date
    [9] => bookings_enable_bus_type
    [10] => bookings_auto_posting
    [11] => bookings_posting_trigger
    [12] => bookings_workflow_enabled
    [13] => bookings_auto_numbering
    [14] => bus_booking_prefix
    [15] => flight_booking_prefix
    [16] => booking_start_number
    [17] => booking_number_digits
    [18] => bus_flight_service_terms
    [19] => __submitted_settings
    [20] => update_settings
)

Expected settings keys: Array
(
    [0] => site_name
    [1] => email
    [2] => phone
    [3] => address
    [4] => latitude
    [5] => longitude
    [6] => primary_color
    [7] => secondary_color
    [8] => header_color
    [9] => footer_color
    [10] => batch_repeat_days
    [11] => max_passports_per_batch
    [12] => ticker_speed
    [13] => ticker_bg_color
    [14] => sidebar_color
    [15] => menu_btn_color
    [16] => slider_interval
    [17] => query_bg_color
    [18] => query_btn_color
    [19] => query_title
    [20] => meta_description
    [21] => meta_keywords
    [22] => google_verification
    [23] => copyright_text
    [24] => default_profit_account_id
    [25] => developer_name
    [26] => developer_link
    [27] => edit_delete_time_limit
    [28] => disappear_after_read_seconds
    [29] => slider_autoplay
    [30] => slider_controls
    [31] => show_ticker
    [32] => show_office_name
    [33] => show_passport_query
    [34] => enable_work_visa
    [35] => enable_family_visit
    [36] => enable_bus_flight_bookings
    [37] => enable_passport_transactions
    [38] => enable_umrah
    [39] => enable_bus_bookings
    [40] => enable_flight_bookings
    [41] => bookings_show_profit
    [42] => bookings_show_purchase_price
    [43] => bookings_allow_partial_payments
    [44] => bookings_enable_print
    [45] => bookings_enable_export
    [46] => bookings_enable_return_date
    [47] => bookings_enable_bus_type
    [48] => bookings_auto_posting
    [49] => passports_auto_posting
    [50] => bookings_workflow_enabled
    [51] => bookings_auto_numbering
    [52] => auto_invoice_generation
    [53] => passport_allow_discount
    [54] => auto_delete_messages
    [55] => enable_notification_sound
    [56] => enable_message_sound
    [57] => enable_postal_services
    [58] => enable_hajj
    [59] => enable_crm
    [60] => show_service_terms
    [61] => show_general_terms
    [62] => primary_color_light
    [63] => secondary_color_light
    [64] => success_color_light
    [65] => danger_color_light
    [66] => warning_color_light
    [67] => info_color_light
    [68] => text_color_light
    [69] => bg_color_light
    [70] => card_bg_light
    [71] => border_color_light
    [72] => primary_color_dark
    [73] => secondary_color_dark
    [74] => success_color_dark
    [75] => danger_color_dark
    [76] => warning_color_dark
    [77] => info_color_dark
    [78] => text_color_dark
    [79] => bg_color_dark
    [80] => card_bg_dark
    [81] => border_color_dark
    [82] => sidebar_bg_light
    [83] => sidebar_text_light
    [84] => sidebar_icon_color_light
    [85] => sidebar_bg_dark
    [86] => sidebar_text_dark
    [87] => sidebar_icon_color_dark
    [88] => show_login_button
    [89] => show_visit_site_button
    [90] => show_theme_toggle_button
    [91] => show_quick_access_button
    [92] => show_search_button
    [93] => show_fullscreen_button
    [94] => show_notifications_button
    [95] => base_currency_id
    [96] => invoice_posting_trigger
    [97] => sales_invoice_prefix
    [98] => purchase_invoice_prefix
    [99] => invoice_number_digits
    [100] => srv_bus_sales_prefix
    [101] => srv_bus_purchase_prefix
    [102] => srv_bus_digits
    [103] => srv_flight_sales_prefix
    [104] => srv_flight_purchase_prefix
    [105] => srv_flight_digits
    [106] => srv_visa_sales_prefix
    [107] => srv_visa_purchase_prefix
    [108] => srv_visa_digits
    [109] => srv_umrah_sales_prefix
    [110] => srv_umrah_purchase_prefix
    [111] => srv_umrah_digits
    [112] => srv_family_sales_prefix
    [113] => srv_family_purchase_prefix
    [114] => srv_family_digits
    [115] => srv_passport_sales_prefix
    [116] => srv_passport_purchase_prefix
    [117] => srv_passport_digits
    [118] => revenue_bus_account_id
    [119] => cost_bus_account_id
    [120] => profit_bus_account_id
    [121] => revenue_flight_account_id
    [122] => cost_flight_account_id
    [123] => profit_flight_account_id
    [124] => revenue_work_visa_account_id
    [125] => cost_work_visa_account_id
    [126] => profit_work_visa_account_id
    [127] => revenue_umrah_account_id
    [128] => cost_umrah_account_id
    [129] => profit_umrah_account_id
    [130] => revenue_family_visit_account_id
    [131] => cost_family_visit_account_id
    [132] => profit_family_visit_account_id
    [133] => passports_revenue_account
    [134] => passports_cost_account
    [135] => passports_profit_account
    [136] => umrah_service_terms
    [137] => umrah_default_max_muatamers
    [138] => min_passport_validity_months
    [139] => visa_expiry_alert_days
    [140] => work_visa_service_terms
    [141] => family_visit_service_terms
    [142] => family_visit_default_validity_months
    [143] => family_visit_expiry_warning_days
    [144] => bus_flight_service_terms
    [145] => passport_service_terms
    [146] => exchange_gain_account_id
    [147] => exchange_loss_account_id
    [148] => customer_receivable_account_id
    [149] => supplier_payable_account_id
    [150] => default_cash_account_id
    [151] => default_bank_account_id
    [152] => default_cost_account_id
    [153] => fiscal_start_date
    [154] => fiscal_end_date
    [155] => enable_recycle_bin
    [156] => default_delivery_type
    [157] => default_sales_account_id
    [158] => default_purchase_account_id
    [159] => journal_prefix
    [160] => journal_digits
    [161] => srv_bus_journal_prefix
    [162] => srv_flight_journal_prefix
    [163] => srv_passport_journal_prefix
    [164] => srv_umrah_journal_prefix
    [165] => srv_family_journal_prefix
    [166] => srv_visa_journal_prefix
    [167] => enable_automatic_reconciliation
    [168] => require_cost_center
    [169] => allow_negative_balance
    [170] => enable_customer_limit_check
    [171] => enable_supplier_limit_check
    [172] => enable_debit_limit_check
    [173] => enable_tax_fields
    [174] => allow_cancel_without_reverse
    [175] => backup_local_enabled
    [176] => backup_local_path
    [177] => backup_schedule_time
    [178] => backup_notify_due
    [179] => timezone
    [180] => date_format
    [181] => time_format
    [182] => first_day_of_week
    [183] => auto_sync_time
    [184] => attendance_early_minutes
    [185] => attendance_late_minutes
    [186] => departure_early_minutes
    [187] => departure_late_minutes
    [188] => prevent_outside_attendance
    [189] => allow_multiple_sessions
    [190] => session_behavior
)

Processing enable_bus_bookings (type bool): value = 1, result = OK
Processing enable_flight_bookings (type bool): value = 1, result = OK
Processing bookings_show_profit (type bool): value = 1, result = OK
Processing bookings_show_purchase_price (type bool): value = 1, result = OK
Processing bookings_allow_partial_payments (type bool): value = 1, result = OK
Processing bookings_enable_print (type bool): value = 1, result = OK
Processing bookings_enable_export (type bool): value = 1, result = OK
Processing bookings_enable_return_date (type bool): value = 1, result = OK
Processing bookings_enable_bus_type (type bool): value = 1, result = OK
Processing bookings_auto_posting (type bool): value = 1, result = OK
Processing bookings_workflow_enabled (type bool): value = 1, result = OK
Processing bookings_auto_numbering (type bool): value = 1, result = OK
Processing bus_flight_service_terms (type text): value = 'التذكرة صالحة لمدة شهر من تاريخ الإصدار * بإستصلاحية تذكرة للمرة 60 يوم * في حال تأجيل السفر أو إلغاءه قبل 12 ساعة من موعد الرحلة تطبق غرامة التأخير 30% وغرامة الإلغاء 50%، * وتطبق غرامة التأجيل خلال 12 ساعة من مغادرة الرحلة 50% وغرامة الإرجاع 100% * موعد الإرجاع والتغيير قبل وبعد مغادرة الرحلة 100% * لا يحق للمطالبة بأي تعويض أو التنازل بالتذكرة للغير * المسافر عليه مراقبة أمتعته عند التسجيل والتحميل ولدى الجهات المختصة، والشركة غير مسؤولة عن الأمتعة والأشياء الثمينة التي يصحبها الراكب في كل الظروف، وأقصى حد للتعويض في أي ظرف ما يعادل خمسين ريال سعودي للحقيبة، * الوزن المسموح به للمسافر هو 40 كيلو حقيبة متوسطة الحجم (شنطة واحدة فقط) يمنع الحمل الزائد والطويل والبراميل والدراجات والكرتون والفرش والبطانيات والكراتين الكبيرة وحتى أي كميات تجارية مهما كان نوعها * لا يتم توقيف الحافلات لنزول الركاب، إلا في محطات التوقف للوجبات، والأكل والتدخين ممنوع نهائياً على جميع رحلات الشركة.', result = OK
2026-08-06 02:18:07 - Settings save start
POST keys: Array
(
    [0] => active_tab
    [1] => site_name
    [2] => email
    [3] => copyright_text
    [4] => developer_name
    [5] => developer_link
    [6] => __submitted_settings
    [7] => update_settings
)

Expected settings keys: Array
(
    [0] => site_name
    [1] => email
    [2] => phone
    [3] => address
    [4] => latitude
    [5] => longitude
    [6] => primary_color
    [7] => secondary_color
    [8] => header_color
    [9] => footer_color
    [10] => batch_repeat_days
    [11] => max_passports_per_batch
    [12] => ticker_speed
    [13] => ticker_bg_color
    [14] => sidebar_color
    [15] => menu_btn_color
    [16] => slider_interval
    [17] => query_bg_color
    [18] => query_btn_color
    [19] => query_title
    [20] => meta_description
    [21] => meta_keywords
    [22] => google_verification
    [23] => copyright_text
    [24] => default_profit_account_id
    [25] => developer_name
    [26] => developer_link
    [27] => edit_delete_time_limit
    [28] => disappear_after_read_seconds
    [29] => slider_autoplay
    [30] => slider_controls
    [31] => show_ticker
    [32] => show_office_name
    [33] => show_passport_query
    [34] => enable_work_visa
    [35] => enable_family_visit
    [36] => enable_bus_flight_bookings
    [37] => enable_passport_transactions
    [38] => enable_umrah
    [39] => enable_bus_bookings
    [40] => enable_flight_bookings
    [41] => bookings_show_profit
    [42] => bookings_show_purchase_price
    [43] => bookings_allow_partial_payments
    [44] => bookings_enable_print
    [45] => bookings_enable_export
    [46] => bookings_enable_return_date
    [47] => bookings_enable_bus_type
    [48] => bookings_auto_posting
    [49] => passports_auto_posting
    [50] => bookings_workflow_enabled
    [51] => bookings_auto_numbering
    [52] => auto_invoice_generation
    [53] => passport_allow_discount
    [54] => auto_delete_messages
    [55] => enable_notification_sound
    [56] => enable_message_sound
    [57] => enable_postal_services
    [58] => enable_hajj
    [59] => enable_crm
    [60] => show_service_terms
    [61] => show_general_terms
    [62] => primary_color_light
    [63] => secondary_color_light
    [64] => success_color_light
    [65] => danger_color_light
    [66] => warning_color_light
    [67] => info_color_light
    [68] => text_color_light
    [69] => bg_color_light
    [70] => card_bg_light
    [71] => border_color_light
    [72] => primary_color_dark
    [73] => secondary_color_dark
    [74] => success_color_dark
    [75] => danger_color_dark
    [76] => warning_color_dark
    [77] => info_color_dark
    [78] => text_color_dark
    [79] => bg_color_dark
    [80] => card_bg_dark
    [81] => border_color_dark
    [82] => sidebar_bg_light
    [83] => sidebar_text_light
    [84] => sidebar_icon_color_light
    [85] => sidebar_bg_dark
    [86] => sidebar_text_dark
    [87] => sidebar_icon_color_dark
    [88] => show_login_button
    [89] => show_visit_site_button
    [90] => show_theme_toggle_button
    [91] => show_quick_access_button
    [92] => show_search_button
    [93] => show_fullscreen_button
    [94] => show_notifications_button
    [95] => base_currency_id
    [96] => invoice_posting_trigger
    [97] => sales_invoice_prefix
    [98] => purchase_invoice_prefix
    [99] => invoice_number_digits
    [100] => srv_bus_sales_prefix
    [101] => srv_bus_purchase_prefix
    [102] => srv_bus_digits
    [103] => srv_flight_sales_prefix
    [104] => srv_flight_purchase_prefix
    [105] => srv_flight_digits
    [106] => srv_visa_sales_prefix
    [107] => srv_visa_purchase_prefix
    [108] => srv_visa_digits
    [109] => srv_umrah_sales_prefix
    [110] => srv_umrah_purchase_prefix
    [111] => srv_umrah_digits
    [112] => srv_family_sales_prefix
    [113] => srv_family_purchase_prefix
    [114] => srv_family_digits
    [115] => srv_passport_sales_prefix
    [116] => srv_passport_purchase_prefix
    [117] => srv_passport_digits
    [118] => revenue_bus_account_id
    [119] => cost_bus_account_id
    [120] => profit_bus_account_id
    [121] => revenue_flight_account_id
    [122] => cost_flight_account_id
    [123] => profit_flight_account_id
    [124] => revenue_work_visa_account_id
    [125] => cost_work_visa_account_id
    [126] => profit_work_visa_account_id
    [127] => revenue_umrah_account_id
    [128] => cost_umrah_account_id
    [129] => profit_umrah_account_id
    [130] => revenue_family_visit_account_id
    [131] => cost_family_visit_account_id
    [132] => profit_family_visit_account_id
    [133] => passports_revenue_account
    [134] => passports_cost_account
    [135] => passports_profit_account
    [136] => umrah_service_terms
    [137] => umrah_default_max_muatamers
    [138] => min_passport_validity_months
    [139] => visa_expiry_alert_days
    [140] => work_visa_service_terms
    [141] => family_visit_service_terms
    [142] => family_visit_default_validity_months
    [143] => family_visit_expiry_warning_days
    [144] => bus_flight_service_terms
    [145] => passport_service_terms
    [146] => exchange_gain_account_id
    [147] => exchange_loss_account_id
    [148] => customer_receivable_account_id
    [149] => supplier_payable_account_id
    [150] => default_cash_account_id
    [151] => default_bank_account_id
    [152] => default_cost_account_id
    [153] => fiscal_start_date
    [154] => fiscal_end_date
    [155] => enable_recycle_bin
    [156] => default_delivery_type
    [157] => default_sales_account_id
    [158] => default_purchase_account_id
    [159] => journal_prefix
    [160] => journal_digits
    [161] => srv_bus_journal_prefix
    [162] => srv_flight_journal_prefix
    [163] => srv_passport_journal_prefix
    [164] => srv_umrah_journal_prefix
    [165] => srv_family_journal_prefix
    [166] => srv_visa_journal_prefix
    [167] => enable_automatic_reconciliation
    [168] => require_cost_center
    [169] => allow_negative_balance
    [170] => enable_customer_limit_check
    [171] => enable_supplier_limit_check
    [172] => enable_debit_limit_check
    [173] => enable_tax_fields
    [174] => allow_cancel_without_reverse
    [175] => backup_local_enabled
    [176] => backup_local_path
    [177] => backup_schedule_time
    [178] => backup_notify_due
    [179] => timezone
    [180] => date_format
    [181] => time_format
    [182] => first_day_of_week
    [183] => auto_sync_time
    [184] => attendance_early_minutes
    [185] => attendance_late_minutes
    [186] => departure_early_minutes
    [187] => departure_late_minutes
    [188] => prevent_outside_attendance
    [189] => allow_multiple_sessions
    [190] => session_behavior
)

2026-08-06 02:18:07 - Settings save start
POST keys: Array
(
    [0] => active_tab
    [1] => site_name
    [2] => email
    [3] => copyright_text
    [4] => developer_name
    [5] => developer_link
    [6] => __submitted_settings
    [7] => update_settings
)

Expected settings keys: Array
(
    [0] => site_name
    [1] => email
    [2] => phone
    [3] => address
    [4] => latitude
    [5] => longitude
    [6] => primary_color
    [7] => secondary_color
    [8] => header_color
    [9] => footer_color
    [10] => batch_repeat_days
    [11] => max_passports_per_batch
    [12] => ticker_speed
    [13] => ticker_bg_color
    [14] => sidebar_color
    [15] => menu_btn_color
    [16] => slider_interval
    [17] => query_bg_color
    [18] => query_btn_color
    [19] => query_title
    [20] => meta_description
    [21] => meta_keywords
    [22] => google_verification
    [23] => copyright_text
    [24] => default_profit_account_id
    [25] => developer_name
    [26] => developer_link
    [27] => edit_delete_time_limit
    [28] => disappear_after_read_seconds
    [29] => slider_autoplay
    [30] => slider_controls
    [31] => show_ticker
    [32] => show_office_name
    [33] => show_passport_query
    [34] => enable_work_visa
    [35] => enable_family_visit
    [36] => enable_bus_flight_bookings
    [37] => enable_passport_transactions
    [38] => enable_umrah
    [39] => enable_bus_bookings
    [40] => enable_flight_bookings
    [41] => bookings_show_profit
    [42] => bookings_show_purchase_price
    [43] => bookings_allow_partial_payments
    [44] => bookings_enable_print
    [45] => bookings_enable_export
    [46] => bookings_enable_return_date
    [47] => bookings_enable_bus_type
    [48] => bookings_auto_posting
    [49] => passports_auto_posting
    [50] => bookings_workflow_enabled
    [51] => bookings_auto_numbering
    [52] => auto_invoice_generation
    [53] => passport_allow_discount
    [54] => auto_delete_messages
    [55] => enable_notification_sound
    [56] => enable_message_sound
    [57] => enable_postal_services
    [58] => enable_hajj
    [59] => enable_crm
    [60] => show_service_terms
    [61] => show_general_terms
    [62] => primary_color_light
    [63] => secondary_color_light
    [64] => success_color_light
    [65] => danger_color_light
    [66] => warning_color_light
    [67] => info_color_light
    [68] => text_color_light
    [69] => bg_color_light
    [70] => card_bg_light
    [71] => border_color_light
    [72] => primary_color_dark
    [73] => secondary_color_dark
    [74] => success_color_dark
    [75] => danger_color_dark
    [76] => warning_color_dark
    [77] => info_color_dark
    [78] => text_color_dark
    [79] => bg_color_dark
    [80] => card_bg_dark
    [81] => border_color_dark
    [82] => sidebar_bg_light
    [83] => sidebar_text_light
    [84] => sidebar_icon_color_light
    [85] => sidebar_bg_dark
    [86] => sidebar_text_dark
    [87] => sidebar_icon_color_dark
    [88] => show_login_button
    [89] => show_visit_site_button
    [90] => show_theme_toggle_button
    [91] => show_quick_access_button
    [92] => show_search_button
    [93] => show_fullscreen_button
    [94] => show_notifications_button
    [95] => base_currency_id
    [96] => invoice_posting_trigger
    [97] => sales_invoice_prefix
    [98] => purchase_invoice_prefix
    [99] => invoice_number_digits
    [100] => srv_bus_sales_prefix
    [101] => srv_bus_purchase_prefix
    [102] => srv_bus_digits
    [103] => srv_flight_sales_prefix
    [104] => srv_flight_purchase_prefix
    [105] => srv_flight_digits
    [106] => srv_visa_sales_prefix
    [107] => srv_visa_purchase_prefix
    [108] => srv_visa_digits
    [109] => srv_umrah_sales_prefix
    [110] => srv_umrah_purchase_prefix
    [111] => srv_umrah_digits
    [112] => srv_family_sales_prefix
    [113] => srv_family_purchase_prefix
    [114] => srv_family_digits
    [115] => srv_passport_sales_prefix
    [116] => srv_passport_purchase_prefix
    [117] => srv_passport_digits
    [118] => revenue_bus_account_id
    [119] => cost_bus_account_id
    [120] => profit_bus_account_id
    [121] => revenue_flight_account_id
    [122] => cost_flight_account_id
    [123] => profit_flight_account_id
    [124] => revenue_work_visa_account_id
    [125] => cost_work_visa_account_id
    [126] => profit_work_visa_account_id
    [127] => revenue_umrah_account_id
    [128] => cost_umrah_account_id
    [129] => profit_umrah_account_id
    [130] => revenue_family_visit_account_id
    [131] => cost_family_visit_account_id
    [132] => profit_family_visit_account_id
    [133] => passports_revenue_account
    [134] => passports_cost_account
    [135] => passports_profit_account
    [136] => umrah_service_terms
    [137] => umrah_default_max_muatamers
    [138] => min_passport_validity_months
    [139] => visa_expiry_alert_days
    [140] => work_visa_service_terms
    [141] => family_visit_service_terms
    [142] => family_visit_default_validity_months
    [143] => family_visit_expiry_warning_days
    [144] => bus_flight_service_terms
    [145] => passport_service_terms
    [146] => exchange_gain_account_id
    [147] => exchange_loss_account_id
    [148] => customer_receivable_account_id
    [149] => supplier_payable_account_id
    [150] => default_cash_account_id
    [151] => default_bank_account_id
    [152] => default_cost_account_id
    [153] => fiscal_start_date
    [154] => fiscal_end_date
    [155] => enable_recycle_bin
    [156] => default_delivery_type
    [157] => default_sales_account_id
    [158] => default_purchase_account_id
    [159] => journal_prefix
    [160] => journal_digits
    [161] => srv_bus_journal_prefix
    [162] => srv_flight_journal_prefix
    [163] => srv_passport_journal_prefix
    [164] => srv_umrah_journal_prefix
    [165] => srv_family_journal_prefix
    [166] => srv_visa_journal_prefix
    [167] => enable_automatic_reconciliation
    [168] => require_cost_center
    [169] => allow_negative_balance
    [170] => enable_customer_limit_check
    [171] => enable_supplier_limit_check
    [172] => enable_debit_limit_check
    [173] => enable_tax_fields
    [174] => allow_cancel_without_reverse
    [175] => backup_local_enabled
    [176] => backup_local_path
    [177] => backup_schedule_time
    [178] => backup_notify_due
    [179] => timezone
    [180] => date_format
    [181] => time_format
    [182] => first_day_of_week
    [183] => auto_sync_time
    [184] => attendance_early_minutes
    [185] => attendance_late_minutes
    [186] => departure_early_minutes
    [187] => departure_late_minutes
    [188] => prevent_outside_attendance
    [189] => allow_multiple_sessions
    [190] => session_behavior
)

Processing site_name (type string): value = 'الغزالي للسفريات والسياحة ', result = OK
2026-08-06 02:18:07 - Settings save start
POST keys: Array
(
    [0] => active_tab
    [1] => site_name
    [2] => email
    [3] => copyright_text
    [4] => developer_name
    [5] => developer_link
    [6] => __submitted_settings
    [7] => update_settings
)

Expected settings keys: Array
(
    [0] => site_name
    [1] => email
    [2] => phone
    [3] => address
    [4] => latitude
    [5] => longitude
    [6] => primary_color
    [7] => secondary_color
    [8] => header_color
    [9] => footer_color
    [10] => batch_repeat_days
    [11] => max_passports_per_batch
    [12] => ticker_speed
    [13] => ticker_bg_color
    [14] => sidebar_color
    [15] => menu_btn_color
    [16] => slider_interval
    [17] => query_bg_color
    [18] => query_btn_color
    [19] => query_title
    [20] => meta_description
    [21] => meta_keywords
    [22] => google_verification
    [23] => copyright_text
    [24] => default_profit_account_id
    [25] => developer_name
    [26] => developer_link
    [27] => edit_delete_time_limit
    [28] => disappear_after_read_seconds
    [29] => slider_autoplay
    [30] => slider_controls
    [31] => show_ticker
    [32] => show_office_name
    [33] => show_passport_query
    [34] => enable_work_visa
    [35] => enable_family_visit
    [36] => enable_bus_flight_bookings
    [37] => enable_passport_transactions
    [38] => enable_umrah
    [39] => enable_bus_bookings
    [40] => enable_flight_bookings
    [41] => bookings_show_profit
    [42] => bookings_show_purchase_price
    [43] => bookings_allow_partial_payments
    [44] => bookings_enable_print
    [45] => bookings_enable_export
    [46] => bookings_enable_return_date
    [47] => bookings_enable_bus_type
    [48] => bookings_auto_posting
    [49] => passports_auto_posting
    [50] => bookings_workflow_enabled
    [51] => bookings_auto_numbering
    [52] => auto_invoice_generation
    [53] => passport_allow_discount
    [54] => auto_delete_messages
    [55] => enable_notification_sound
    [56] => enable_message_sound
    [57] => enable_postal_services
    [58] => enable_hajj
    [59] => enable_crm
    [60] => show_service_terms
    [61] => show_general_terms
    [62] => primary_color_light
    [63] => secondary_color_light
    [64] => success_color_light
    [65] => danger_color_light
    [66] => warning_color_light
    [67] => info_color_light
    [68] => text_color_light
    [69] => bg_color_light
    [70] => card_bg_light
    [71] => border_color_light
    [72] => primary_color_dark
    [73] => secondary_color_dark
    [74] => success_color_dark
    [75] => danger_color_dark
    [76] => warning_color_dark
    [77] => info_color_dark
    [78] => text_color_dark
    [79] => bg_color_dark
    [80] => card_bg_dark
    [81] => border_color_dark
    [82] => sidebar_bg_light
    [83] => sidebar_text_light
    [84] => sidebar_icon_color_light
    [85] => sidebar_bg_dark
    [86] => sidebar_text_dark
    [87] => sidebar_icon_color_dark
    [88] => show_login_button
    [89] => show_visit_site_button
    [90] => show_theme_toggle_button
    [91] => show_quick_access_button
    [92] => show_search_button
    [93] => show_fullscreen_button
    [94] => show_notifications_button
    [95] => base_currency_id
    [96] => invoice_posting_trigger
    [97] => sales_invoice_prefix
    [98] => purchase_invoice_prefix
    [99] => invoice_number_digits
    [100] => srv_bus_sales_prefix
    [101] => srv_bus_purchase_prefix
    [102] => srv_bus_digits
    [103] => srv_flight_sales_prefix
    [104] => srv_flight_purchase_prefix
    [105] => srv_flight_digits
    [106] => srv_visa_sales_prefix
    [107] => srv_visa_purchase_prefix
    [108] => srv_visa_digits
    [109] => srv_umrah_sales_prefix
    [110] => srv_umrah_purchase_prefix
    [111] => srv_umrah_digits
    [112] => srv_family_sales_prefix
    [113] => srv_family_purchase_prefix
    [114] => srv_family_digits
    [115] => srv_passport_sales_prefix
    [116] => srv_passport_purchase_prefix
    [117] => srv_passport_digits
    [118] => revenue_bus_account_id
    [119] => cost_bus_account_id
    [120] => profit_bus_account_id
    [121] => revenue_flight_account_id
    [122] => cost_flight_account_id
    [123] => profit_flight_account_id
    [124] => revenue_work_visa_account_id
    [125] => cost_work_visa_account_id
    [126] => profit_work_visa_account_id
    [127] => revenue_umrah_account_id
    [128] => cost_umrah_account_id
    [129] => profit_umrah_account_id
    [130] => revenue_family_visit_account_id
    [131] => cost_family_visit_account_id
    [132] => profit_family_visit_account_id
    [133] => passports_revenue_account
    [134] => passports_cost_account
    [135] => passports_profit_account
    [136] => umrah_service_terms
    [137] => umrah_default_max_muatamers
    [138] => min_passport_validity_months
    [139] => visa_expiry_alert_days
    [140] => work_visa_service_terms
    [141] => family_visit_service_terms
    [142] => family_visit_default_validity_months
    [143] => family_visit_expiry_warning_days
    [144] => bus_flight_service_terms
    [145] => passport_service_terms
    [146] => exchange_gain_account_id
    [147] => exchange_loss_account_id
    [148] => customer_receivable_account_id
    [149] => supplier_payable_account_id
    [150] => default_cash_account_id
    [151] => default_bank_account_id
    [152] => default_cost_account_id
    [153] => fiscal_start_date
    [154] => fiscal_end_date
    [155] => enable_recycle_bin
    [156] => default_delivery_type
    [157] => default_sales_account_id
    [158] => default_purchase_account_id
    [159] => journal_prefix
    [160] => journal_digits
    [161] => srv_bus_journal_prefix
    [162] => srv_flight_journal_prefix
    [163] => srv_passport_journal_prefix
    [164] => srv_umrah_journal_prefix
    [165] => srv_family_journal_prefix
    [166] => srv_visa_journal_prefix
    [167] => enable_automatic_reconciliation
    [168] => require_cost_center
    [169] => allow_negative_balance
    [170] => enable_customer_limit_check
    [171] => enable_supplier_limit_check
    [172] => enable_debit_limit_check
    [173] => enable_tax_fields
    [174] => allow_cancel_without_reverse
    [175] => backup_local_enabled
    [176] => backup_local_path
    [177] => backup_schedule_time
    [178] => backup_notify_due
    [179] => timezone
    [180] => date_format
    [181] => time_format
    [182] => first_day_of_week
    [183] => auto_sync_time
    [184] => attendance_early_minutes
    [185] => attendance_late_minutes
    [186] => departure_early_minutes
    [187] => departure_late_minutes
    [188] => prevent_outside_attendance
    [189] => allow_multiple_sessions
    [190] => session_behavior
)

Processing site_name (type string): value = 'الغزالي للسفريات والسياحة ', result = OK
Processing email (type email): value = 'mahumad7733@gmail.com', result = OK
2026-08-06 02:18:07 - Settings save start
POST keys: Array
(
    [0] => active_tab
    [1] => site_name
    [2] => email
    [3] => copyright_text
    [4] => developer_name
    [5] => developer_link
    [6] => __submitted_settings
    [7] => update_settings
)

Expected settings keys: Array
(
    [0] => site_name
    [1] => email
    [2] => phone
    [3] => address
    [4] => latitude
    [5] => longitude
    [6] => primary_color
    [7] => secondary_color
    [8] => header_color
    [9] => footer_color
    [10] => batch_repeat_days
    [11] => max_passports_per_batch
    [12] => ticker_speed
    [13] => ticker_bg_color
    [14] => sidebar_color
    [15] => menu_btn_color
    [16] => slider_interval
    [17] => query_bg_color
    [18] => query_btn_color
    [19] => query_title
    [20] => meta_description
    [21] => meta_keywords
    [22] => google_verification
    [23] => copyright_text
    [24] => default_profit_account_id
    [25] => developer_name
    [26] => developer_link
    [27] => edit_delete_time_limit
    [28] => disappear_after_read_seconds
    [29] => slider_autoplay
    [30] => slider_controls
    [31] => show_ticker
    [32] => show_office_name
    [33] => show_passport_query
    [34] => enable_work_visa
    [35] => enable_family_visit
    [36] => enable_bus_flight_bookings
    [37] => enable_passport_transactions
    [38] => enable_umrah
    [39] => enable_bus_bookings
    [40] => enable_flight_bookings
    [41] => bookings_show_profit
    [42] => bookings_show_purchase_price
    [43] => bookings_allow_partial_payments
    [44] => bookings_enable_print
    [45] => bookings_enable_export
    [46] => bookings_enable_return_date
    [47] => bookings_enable_bus_type
    [48] => bookings_auto_posting
    [49] => passports_auto_posting
    [50] => bookings_workflow_enabled
    [51] => bookings_auto_numbering
    [52] => auto_invoice_generation
    [53] => passport_allow_discount
    [54] => auto_delete_messages
    [55] => enable_notification_sound
    [56] => enable_message_sound
    [57] => enable_postal_services
    [58] => enable_hajj
    [59] => enable_crm
    [60] => show_service_terms
    [61] => show_general_terms
    [62] => primary_color_light
    [63] => secondary_color_light
    [64] => success_color_light
    [65] => danger_color_light
    [66] => warning_color_light
    [67] => info_color_light
    [68] => text_color_light
    [69] => bg_color_light
    [70] => card_bg_light
    [71] => border_color_light
    [72] => primary_color_dark
    [73] => secondary_color_dark
    [74] => success_color_dark
    [75] => danger_color_dark
    [76] => warning_color_dark
    [77] => info_color_dark
    [78] => text_color_dark
    [79] => bg_color_dark
    [80] => card_bg_dark
    [81] => border_color_dark
    [82] => sidebar_bg_light
    [83] => sidebar_text_light
    [84] => sidebar_icon_color_light
    [85] => sidebar_bg_dark
    [86] => sidebar_text_dark
    [87] => sidebar_icon_color_dark
    [88] => show_login_button
    [89] => show_visit_site_button
    [90] => show_theme_toggle_button
    [91] => show_quick_access_button
    [92] => show_search_button
    [93] => show_fullscreen_button
    [94] => show_notifications_button
    [95] => base_currency_id
    [96] => invoice_posting_trigger
    [97] => sales_invoice_prefix
    [98] => purchase_invoice_prefix
    [99] => invoice_number_digits
    [100] => srv_bus_sales_prefix
    [101] => srv_bus_purchase_prefix
    [102] => srv_bus_digits
    [103] => srv_flight_sales_prefix
    [104] => srv_flight_purchase_prefix
    [105] => srv_flight_digits
    [106] => srv_visa_sales_prefix
    [107] => srv_visa_purchase_prefix
    [108] => srv_visa_digits
    [109] => srv_umrah_sales_prefix
    [110] => srv_umrah_purchase_prefix
    [111] => srv_umrah_digits
    [112] => srv_family_sales_prefix
    [113] => srv_family_purchase_prefix
    [114] => srv_family_digits
    [115] => srv_passport_sales_prefix
    [116] => srv_passport_purchase_prefix
    [117] => srv_passport_digits
    [118] => revenue_bus_account_id
    [119] => cost_bus_account_id
    [120] => profit_bus_account_id
    [121] => revenue_flight_account_id
    [122] => cost_flight_account_id
    [123] => profit_flight_account_id
    [124] => revenue_work_visa_account_id
    [125] => cost_work_visa_account_id
    [126] => profit_work_visa_account_id
    [127] => revenue_umrah_account_id
    [128] => cost_umrah_account_id
    [129] => profit_umrah_account_id
    [130] => revenue_family_visit_account_id
    [131] => cost_family_visit_account_id
    [132] => profit_family_visit_account_id
    [133] => passports_revenue_account
    [134] => passports_cost_account
    [135] => passports_profit_account
    [136] => umrah_service_terms
    [137] => umrah_default_max_muatamers
    [138] => min_passport_validity_months
    [139] => visa_expiry_alert_days
    [140] => work_visa_service_terms
    [141] => family_visit_service_terms
    [142] => family_visit_default_validity_months
    [143] => family_visit_expiry_warning_days
    [144] => bus_flight_service_terms
    [145] => passport_service_terms
    [146] => exchange_gain_account_id
    [147] => exchange_loss_account_id
    [148] => customer_receivable_account_id
    [149] => supplier_payable_account_id
    [150] => default_cash_account_id
    [151] => default_bank_account_id
    [152] => default_cost_account_id
    [153] => fiscal_start_date
    [154] => fiscal_end_date
    [155] => enable_recycle_bin
    [156] => default_delivery_type
    [157] => default_sales_account_id
    [158] => default_purchase_account_id
    [159] => journal_prefix
    [160] => journal_digits
    [161] => srv_bus_journal_prefix
    [162] => srv_flight_journal_prefix
    [163] => srv_passport_journal_prefix
    [164] => srv_umrah_journal_prefix
    [165] => srv_family_journal_prefix
    [166] => srv_visa_journal_prefix
    [167] => enable_automatic_reconciliation
    [168] => require_cost_center
    [169] => allow_negative_balance
    [170] => enable_customer_limit_check
    [171] => enable_supplier_limit_check
    [172] => enable_debit_limit_check
    [173] => enable_tax_fields
    [174] => allow_cancel_without_reverse
    [175] => backup_local_enabled
    [176] => backup_local_path
    [177] => backup_schedule_time
    [178] => backup_notify_due
    [179] => timezone
    [180] => date_format
    [181] => time_format
    [182] => first_day_of_week
    [183] => auto_sync_time
    [184] => attendance_early_minutes
    [185] => attendance_late_minutes
    [186] => departure_early_minutes
    [187] => departure_late_minutes
    [188] => prevent_outside_attendance
    [189] => allow_multiple_sessions
    [190] => session_behavior
)

Processing site_name (type string): value = 'الغزالي للسفريات والسياحة ', result = OK
Processing email (type email): value = 'mahumad7733@gmail.com', result = OK
Processing copyright_text (type string): value = 'جميع الحقوق محفوظة © 2024', result = OK
2026-08-06 02:18:07 - Settings save start
POST keys: Array
(
    [0] => active_tab
    [1] => site_name
    [2] => email
    [3] => copyright_text
    [4] => developer_name
    [5] => developer_link
    [6] => __submitted_settings
    [7] => update_settings
)

Expected settings keys: Array
(
    [0] => site_name
    [1] => email
    [2] => phone
    [3] => address
    [4] => latitude
    [5] => longitude
    [6] => primary_color
    [7] => secondary_color
    [8] => header_color
    [9] => footer_color
    [10] => batch_repeat_days
    [11] => max_passports_per_batch
    [12] => ticker_speed
    [13] => ticker_bg_color
    [14] => sidebar_color
    [15] => menu_btn_color
    [16] => slider_interval
    [17] => query_bg_color
    [18] => query_btn_color
    [19] => query_title
    [20] => meta_description
    [21] => meta_keywords
    [22] => google_verification
    [23] => copyright_text
    [24] => default_profit_account_id
    [25] => developer_name
    [26] => developer_link
    [27] => edit_delete_time_limit
    [28] => disappear_after_read_seconds
    [29] => slider_autoplay
    [30] => slider_controls
    [31] => show_ticker
    [32] => show_office_name
    [33] => show_passport_query
    [34] => enable_work_visa
    [35] => enable_family_visit
    [36] => enable_bus_flight_bookings
    [37] => enable_passport_transactions
    [38] => enable_umrah
    [39] => enable_bus_bookings
    [40] => enable_flight_bookings
    [41] => bookings_show_profit
    [42] => bookings_show_purchase_price
    [43] => bookings_allow_partial_payments
    [44] => bookings_enable_print
    [45] => bookings_enable_export
    [46] => bookings_enable_return_date
    [47] => bookings_enable_bus_type
    [48] => bookings_auto_posting
    [49] => passports_auto_posting
    [50] => bookings_workflow_enabled
    [51] => bookings_auto_numbering
    [52] => auto_invoice_generation
    [53] => passport_allow_discount
    [54] => auto_delete_messages
    [55] => enable_notification_sound
    [56] => enable_message_sound
    [57] => enable_postal_services
    [58] => enable_hajj
    [59] => enable_crm
    [60] => show_service_terms
    [61] => show_general_terms
    [62] => primary_color_light
    [63] => secondary_color_light
    [64] => success_color_light
    [65] => danger_color_light
    [66] => warning_color_light
    [67] => info_color_light
    [68] => text_color_light
    [69] => bg_color_light
    [70] => card_bg_light
    [71] => border_color_light
    [72] => primary_color_dark
    [73] => secondary_color_dark
    [74] => success_color_dark
    [75] => danger_color_dark
    [76] => warning_color_dark
    [77] => info_color_dark
    [78] => text_color_dark
    [79] => bg_color_dark
    [80] => card_bg_dark
    [81] => border_color_dark
    [82] => sidebar_bg_light
    [83] => sidebar_text_light
    [84] => sidebar_icon_color_light
    [85] => sidebar_bg_dark
    [86] => sidebar_text_dark
    [87] => sidebar_icon_color_dark
    [88] => show_login_button
    [89] => show_visit_site_button
    [90] => show_theme_toggle_button
    [91] => show_quick_access_button
    [92] => show_search_button
    [93] => show_fullscreen_button
    [94] => show_notifications_button
    [95] => base_currency_id
    [96] => invoice_posting_trigger
    [97] => sales_invoice_prefix
    [98] => purchase_invoice_prefix
    [99] => invoice_number_digits
    [100] => srv_bus_sales_prefix
    [101] => srv_bus_purchase_prefix
    [102] => srv_bus_digits
    [103] => srv_flight_sales_prefix
    [104] => srv_flight_purchase_prefix
    [105] => srv_flight_digits
    [106] => srv_visa_sales_prefix
    [107] => srv_visa_purchase_prefix
    [108] => srv_visa_digits
    [109] => srv_umrah_sales_prefix
    [110] => srv_umrah_purchase_prefix
    [111] => srv_umrah_digits
    [112] => srv_family_sales_prefix
    [113] => srv_family_purchase_prefix
    [114] => srv_family_digits
    [115] => srv_passport_sales_prefix
    [116] => srv_passport_purchase_prefix
    [117] => srv_passport_digits
    [118] => revenue_bus_account_id
    [119] => cost_bus_account_id
    [120] => profit_bus_account_id
    [121] => revenue_flight_account_id
    [122] => cost_flight_account_id
    [123] => profit_flight_account_id
    [124] => revenue_work_visa_account_id
    [125] => cost_work_visa_account_id
    [126] => profit_work_visa_account_id
    [127] => revenue_umrah_account_id
    [128] => cost_umrah_account_id
    [129] => profit_umrah_account_id
    [130] => revenue_family_visit_account_id
    [131] => cost_family_visit_account_id
    [132] => profit_family_visit_account_id
    [133] => passports_revenue_account
    [134] => passports_cost_account
    [135] => passports_profit_account
    [136] => umrah_service_terms
    [137] => umrah_default_max_muatamers
    [138] => min_passport_validity_months
    [139] => visa_expiry_alert_days
    [140] => work_visa_service_terms
    [141] => family_visit_service_terms
    [142] => family_visit_default_validity_months
    [143] => family_visit_expiry_warning_days
    [144] => bus_flight_service_terms
    [145] => passport_service_terms
    [146] => exchange_gain_account_id
    [147] => exchange_loss_account_id
    [148] => customer_receivable_account_id
    [149] => supplier_payable_account_id
    [150] => default_cash_account_id
    [151] => default_bank_account_id
    [152] => default_cost_account_id
    [153] => fiscal_start_date
    [154] => fiscal_end_date
    [155] => enable_recycle_bin
    [156] => default_delivery_type
    [157] => default_sales_account_id
    [158] => default_purchase_account_id
    [159] => journal_prefix
    [160] => journal_digits
    [161] => srv_bus_journal_prefix
    [162] => srv_flight_journal_prefix
    [163] => srv_passport_journal_prefix
    [164] => srv_umrah_journal_prefix
    [165] => srv_family_journal_prefix
    [166] => srv_visa_journal_prefix
    [167] => enable_automatic_reconciliation
    [168] => require_cost_center
    [169] => allow_negative_balance
    [170] => enable_customer_limit_check
    [171] => enable_supplier_limit_check
    [172] => enable_debit_limit_check
    [173] => enable_tax_fields
    [174] => allow_cancel_without_reverse
    [175] => backup_local_enabled
    [176] => backup_local_path
    [177] => backup_schedule_time
    [178] => backup_notify_due
    [179] => timezone
    [180] => date_format
    [181] => time_format
    [182] => first_day_of_week
    [183] => auto_sync_time
    [184] => attendance_early_minutes
    [185] => attendance_late_minutes
    [186] => departure_early_minutes
    [187] => departure_late_minutes
    [188] => prevent_outside_attendance
    [189] => allow_multiple_sessions
    [190] => session_behavior
)

Processing site_name (type string): value = 'الغزالي للسفريات والسياحة ', result = OK
Processing email (type email): value = 'mahumad7733@gmail.com', result = OK
Processing copyright_text (type string): value = 'جميع الحقوق محفوظة © 2024', result = OK
Processing developer_name (type string): value = 'محمد الغزالي', result = OK
2026-08-06 02:18:07 - Settings save start
POST keys: Array
(
    [0] => active_tab
    [1] => site_name
    [2] => email
    [3] => copyright_text
    [4] => developer_name
    [5] => developer_link
    [6] => __submitted_settings
    [7] => update_settings
)

Expected settings keys: Array
(
    [0] => site_name
    [1] => email
    [2] => phone
    [3] => address
    [4] => latitude
    [5] => longitude
    [6] => primary_color
    [7] => secondary_color
    [8] => header_color
    [9] => footer_color
    [10] => batch_repeat_days
    [11] => max_passports_per_batch
    [12] => ticker_speed
    [13] => ticker_bg_color
    [14] => sidebar_color
    [15] => menu_btn_color
    [16] => slider_interval
    [17] => query_bg_color
    [18] => query_btn_color
    [19] => query_title
    [20] => meta_description
    [21] => meta_keywords
    [22] => google_verification
    [23] => copyright_text
    [24] => default_profit_account_id
    [25] => developer_name
    [26] => developer_link
    [27] => edit_delete_time_limit
    [28] => disappear_after_read_seconds
    [29] => slider_autoplay
    [30] => slider_controls
    [31] => show_ticker
    [32] => show_office_name
    [33] => show_passport_query
    [34] => enable_work_visa
    [35] => enable_family_visit
    [36] => enable_bus_flight_bookings
    [37] => enable_passport_transactions
    [38] => enable_umrah
    [39] => enable_bus_bookings
    [40] => enable_flight_bookings
    [41] => bookings_show_profit
    [42] => bookings_show_purchase_price
    [43] => bookings_allow_partial_payments
    [44] => bookings_enable_print
    [45] => bookings_enable_export
    [46] => bookings_enable_return_date
    [47] => bookings_enable_bus_type
    [48] => bookings_auto_posting
    [49] => passports_auto_posting
    [50] => bookings_workflow_enabled
    [51] => bookings_auto_numbering
    [52] => auto_invoice_generation
    [53] => passport_allow_discount
    [54] => auto_delete_messages
    [55] => enable_notification_sound
    [56] => enable_message_sound
    [57] => enable_postal_services
    [58] => enable_hajj
    [59] => enable_crm
    [60] => show_service_terms
    [61] => show_general_terms
    [62] => primary_color_light
    [63] => secondary_color_light
    [64] => success_color_light
    [65] => danger_color_light
    [66] => warning_color_light
    [67] => info_color_light
    [68] => text_color_light
    [69] => bg_color_light
    [70] => card_bg_light
    [71] => border_color_light
    [72] => primary_color_dark
    [73] => secondary_color_dark
    [74] => success_color_dark
    [75] => danger_color_dark
    [76] => warning_color_dark
    [77] => info_color_dark
    [78] => text_color_dark
    [79] => bg_color_dark
    [80] => card_bg_dark
    [81] => border_color_dark
    [82] => sidebar_bg_light
    [83] => sidebar_text_light
    [84] => sidebar_icon_color_light
    [85] => sidebar_bg_dark
    [86] => sidebar_text_dark
    [87] => sidebar_icon_color_dark
    [88] => show_login_button
    [89] => show_visit_site_button
    [90] => show_theme_toggle_button
    [91] => show_quick_access_button
    [92] => show_search_button
    [93] => show_fullscreen_button
    [94] => show_notifications_button
    [95] => base_currency_id
    [96] => invoice_posting_trigger
    [97] => sales_invoice_prefix
    [98] => purchase_invoice_prefix
    [99] => invoice_number_digits
    [100] => srv_bus_sales_prefix
    [101] => srv_bus_purchase_prefix
    [102] => srv_bus_digits
    [103] => srv_flight_sales_prefix
    [104] => srv_flight_purchase_prefix
    [105] => srv_flight_digits
    [106] => srv_visa_sales_prefix
    [107] => srv_visa_purchase_prefix
    [108] => srv_visa_digits
    [109] => srv_umrah_sales_prefix
    [110] => srv_umrah_purchase_prefix
    [111] => srv_umrah_digits
    [112] => srv_family_sales_prefix
    [113] => srv_family_purchase_prefix
    [114] => srv_family_digits
    [115] => srv_passport_sales_prefix
    [116] => srv_passport_purchase_prefix
    [117] => srv_passport_digits
    [118] => revenue_bus_account_id
    [119] => cost_bus_account_id
    [120] => profit_bus_account_id
    [121] => revenue_flight_account_id
    [122] => cost_flight_account_id
    [123] => profit_flight_account_id
    [124] => revenue_work_visa_account_id
    [125] => cost_work_visa_account_id
    [126] => profit_work_visa_account_id
    [127] => revenue_umrah_account_id
    [128] => cost_umrah_account_id
    [129] => profit_umrah_account_id
    [130] => revenue_family_visit_account_id
    [131] => cost_family_visit_account_id
    [132] => profit_family_visit_account_id
    [133] => passports_revenue_account
    [134] => passports_cost_account
    [135] => passports_profit_account
    [136] => umrah_service_terms
    [137] => umrah_default_max_muatamers
    [138] => min_passport_validity_months
    [139] => visa_expiry_alert_days
    [140] => work_visa_service_terms
    [141] => family_visit_service_terms
    [142] => family_visit_default_validity_months
    [143] => family_visit_expiry_warning_days
    [144] => bus_flight_service_terms
    [145] => passport_service_terms
    [146] => exchange_gain_account_id
    [147] => exchange_loss_account_id
    [148] => customer_receivable_account_id
    [149] => supplier_payable_account_id
    [150] => default_cash_account_id
    [151] => default_bank_account_id
    [152] => default_cost_account_id
    [153] => fiscal_start_date
    [154] => fiscal_end_date
    [155] => enable_recycle_bin
    [156] => default_delivery_type
    [157] => default_sales_account_id
    [158] => default_purchase_account_id
    [159] => journal_prefix
    [160] => journal_digits
    [161] => srv_bus_journal_prefix
    [162] => srv_flight_journal_prefix
    [163] => srv_passport_journal_prefix
    [164] => srv_umrah_journal_prefix
    [165] => srv_family_journal_prefix
    [166] => srv_visa_journal_prefix
    [167] => enable_automatic_reconciliation
    [168] => require_cost_center
    [169] => allow_negative_balance
    [170] => enable_customer_limit_check
    [171] => enable_supplier_limit_check
    [172] => enable_debit_limit_check
    [173] => enable_tax_fields
    [174] => allow_cancel_without_reverse
    [175] => backup_local_enabled
    [176] => backup_local_path
    [177] => backup_schedule_time
    [178] => backup_notify_due
    [179] => timezone
    [180] => date_format
    [181] => time_format
    [182] => first_day_of_week
    [183] => auto_sync_time
    [184] => attendance_early_minutes
    [185] => attendance_late_minutes
    [186] => departure_early_minutes
    [187] => departure_late_minutes
    [188] => prevent_outside_attendance
    [189] => allow_multiple_sessions
    [190] => session_behavior
)

Processing site_name (type string): value = 'الغزالي للسفريات والسياحة ', result = OK
Processing email (type email): value = 'mahumad7733@gmail.com', result = OK
Processing copyright_text (type string): value = 'جميع الحقوق محفوظة © 2024', result = OK
Processing developer_name (type string): value = 'محمد الغزالي', result = OK
Processing developer_link (type url): value = 'https://alghazali.com', result = OK
